<?xml version="1.0" encoding="UTF-8"?>
<metadata xml:lang="en"><Esri><CreaDate>20220810</CreaDate><CreaTime>19531900</CreaTime><ArcGISFormat>1.0</ArcGISFormat><SyncOnce>FALSE</SyncOnce><DataProperties><itemProps><itemName Sync="TRUE">lka_admbnda_adm1_20220802_v03</itemName><imsContentType Sync="TRUE">002</imsContentType><itemLocation><linkage Sync="TRUE">file://\\LAPPY-IV\D$\OCHA\CODS\Countries\LKA\LKA 2022_08_02 FIS\lka_admbnda_adm1_20220802_v03.shp</linkage><protocol Sync="TRUE">Local Area Network</protocol></itemLocation><nativeExtBox><westBL Sync="TRUE">362440.612200</westBL><eastBL Sync="TRUE">622126.852100</eastBL><southBL Sync="TRUE">380345.997600</southBL><northBL Sync="TRUE">813576.516800</northBL><exTypeCode Sync="TRUE">1</exTypeCode></nativeExtBox><itemSize Sync="TRUE">0.000</itemSize></itemProps><coordRef><type Sync="TRUE">Geographic</type><geogcsn Sync="TRUE">GCS_WGS_1984</geogcsn><csUnits Sync="TRUE">Angular Unit: Degree (0.017453)</csUnits><peXml Sync="TRUE">&lt;GeographicCoordinateSystem xsi:type='typens:GeographicCoordinateSystem' xmlns:xsi='http://www.w3.org/2001/XMLSchema-instance' xmlns:xs='http://www.w3.org/2001/XMLSchema' xmlns:typens='http://www.esri.com/schemas/ArcGIS/2.9.0'&gt;&lt;WKT&gt;GEOGCS[&amp;quot;GCS_WGS_1984&amp;quot;,DATUM[&amp;quot;D_WGS_1984&amp;quot;,SPHEROID[&amp;quot;WGS_1984&amp;quot;,6378137.0,298.257223563]],PRIMEM[&amp;quot;Greenwich&amp;quot;,0.0],UNIT[&amp;quot;Degree&amp;quot;,0.0174532925199433],AUTHORITY[&amp;quot;EPSG&amp;quot;,4326]]&lt;/WKT&gt;&lt;XOrigin&gt;-400&lt;/XOrigin&gt;&lt;YOrigin&gt;-400&lt;/YOrigin&gt;&lt;XYScale&gt;11258999068426.238&lt;/XYScale&gt;&lt;ZOrigin&gt;-100000&lt;/ZOrigin&gt;&lt;ZScale&gt;10000&lt;/ZScale&gt;&lt;MOrigin&gt;-100000&lt;/MOrigin&gt;&lt;MScale&gt;10000&lt;/MScale&gt;&lt;XYTolerance&gt;8.983152841195215e-09&lt;/XYTolerance&gt;&lt;ZTolerance&gt;0.001&lt;/ZTolerance&gt;&lt;MTolerance&gt;0.001&lt;/MTolerance&gt;&lt;HighPrecision&gt;true&lt;/HighPrecision&gt;&lt;LeftLongitude&gt;-180&lt;/LeftLongitude&gt;&lt;WKID&gt;4326&lt;/WKID&gt;&lt;LatestWKID&gt;4326&lt;/LatestWKID&gt;&lt;/GeographicCoordinateSystem&gt;</peXml></coordRef><lineage><Process ToolSource="c:\program files (x86)\arcgis\desktop10.3\ArcToolbox\Toolboxes\Data Management Tools.tbx\CalculateField" Date="20171004" Time="173001">CalculateField AllDist Year_Created 2017 VB #</Process><Process ToolSource="c:\program files (x86)\arcgis\desktop10.3\ArcToolbox\Toolboxes\Data Management Tools.tbx\CalculateField" Date="20171006" Time="114843">CalculateField AllDist Dispute "GN boundary dispute with Gap" VB #</Process><Process ToolSource="c:\program files (x86)\arcgis\desktop10.3\ArcToolbox\Toolboxes\Data Management Tools.tbx\CalculateField" Date="20171006" Time="115024">CalculateField AllDist Dispute "Overlap with Batticaloa District" VB #</Process><Process ToolSource="c:\program files (x86)\arcgis\desktop10.3\ArcToolbox\Toolboxes\Data Management Tools.tbx\CalculateField" Date="20171006" Time="161019">CalculateField AllDist Dispute "GN boundary dispute with Gap" VB #</Process><Process ToolSource="c:\program files (x86)\arcgis\desktop10.3\ArcToolbox\Toolboxes\Data Management Tools.tbx\CalculateField" Date="20171006" Time="161129">CalculateField AllDist Dispute "GN boundary dispute with Gap" VB #</Process><Process ToolSource="c:\program files (x86)\arcgis\desktop10.2\ArcToolbox\Toolboxes\Data Management Tools.tbx\CalculateField" Date="20171007" Time="074017">CalculateField AllDist PROVINCE_N "CENTRAL" VB #</Process><Process ToolSource="c:\program files (x86)\arcgis\desktop10.2\ArcToolbox\Toolboxes\Data Management Tools.tbx\CalculateField" Date="20171007" Time="074128">CalculateField AllDist PROVINCE_N "EASTERN" VB #</Process><Process ToolSource="c:\program files (x86)\arcgis\desktop10.2\ArcToolbox\Toolboxes\Data Management Tools.tbx\CalculateField" Date="20171007" Time="074218">CalculateField AllDist PROVINCE_N "NORTH CENTRAL" VB #</Process><Process ToolSource="c:\program files (x86)\arcgis\desktop10.2\ArcToolbox\Toolboxes\Data Management Tools.tbx\CalculateField" Date="20171007" Time="074354">CalculateField AllDist PROVINCE_N "NORTH WESTERN" VB #</Process><Process ToolSource="c:\program files (x86)\arcgis\desktop10.2\ArcToolbox\Toolboxes\Data Management Tools.tbx\CalculateField" Date="20171007" Time="074549">CalculateField AllDist PROVINCE_N "NORTHERN" VB #</Process><Process ToolSource="c:\program files (x86)\arcgis\desktop10.2\ArcToolbox\Toolboxes\Data Management Tools.tbx\CalculateField" Date="20171007" Time="074657">CalculateField AllDist PROVINCE_N "SABARAGAMUWA" VB #</Process><Process ToolSource="c:\program files (x86)\arcgis\desktop10.2\ArcToolbox\Toolboxes\Data Management Tools.tbx\CalculateField" Date="20171007" Time="074901">CalculateField AllDist PROVINCE_N "SOUTHERN" VB #</Process><Process ToolSource="c:\program files (x86)\arcgis\desktop10.2\ArcToolbox\Toolboxes\Data Management Tools.tbx\CalculateField" Date="20171007" Time="074956">CalculateField AllDist PROVINCE_N "UVA" VB #</Process><Process ToolSource="c:\program files (x86)\arcgis\desktop10.2\ArcToolbox\Toolboxes\Data Management Tools.tbx\CalculateField" Date="20171007" Time="075037">CalculateField AllDist PROVINCE_N "WESTERN" VB #</Process><Process ToolSource="c:\program files (x86)\arcgis\desktop10.2\ArcToolbox\Toolboxes\Data Management Tools.tbx\CalculateField" Date="20171007" Time="082429">CalculateField AllDist DISTRICT_N UCase( [DISTRICT_N] ) VB #</Process><Process ToolSource="c:\program files (x86)\arcgis\desktop10.2\ArcToolbox\Toolboxes\Data Management Tools.tbx\CalculateField" Date="20171007" Time="082802">CalculateField AllDist DSD_N UCase( [DSD_N] ) VB #</Process><Process ToolSource="c:\program files (x86)\arcgis\desktop10.2\ArcToolbox\Toolboxes\Data Management Tools.tbx\CalculateField" Date="20171007" Time="083232">CalculateField AllDist DSD_N "HALI-ELA" VB #</Process><Process ToolSource="c:\program files (x86)\arcgis\desktop10.2\ArcToolbox\Toolboxes\Data Management Tools.tbx\CalculateField" Date="20171007" Time="083552">CalculateField AllDist DSD_N "HAMBANTOTA" VB #</Process><Process ToolSource="c:\program files (x86)\arcgis\desktop10.2\ArcToolbox\Toolboxes\Data Management Tools.tbx\CalculateField" Date="20171007" Time="083744">CalculateField AllDist DSD_N "KATUWANA" VB #</Process><Process ToolSource="c:\program files (x86)\arcgis\desktop10.2\ArcToolbox\Toolboxes\Data Management Tools.tbx\CalculateField" Date="20171007" Time="083938">CalculateField AllDist DSD_N "LUNUGAMWEHERA" VB #</Process><Process ToolSource="c:\program files (x86)\arcgis\desktop10.2\ArcToolbox\Toolboxes\Data Management Tools.tbx\CalculateField" Date="20171007" Time="084136">CalculateField AllDist DSD_N "OKEWELA" VB #</Process><Process ToolSource="c:\program files (x86)\arcgis\desktop10.2\ArcToolbox\Toolboxes\Data Management Tools.tbx\CalculateField" Date="20171007" Time="084352">CalculateField AllDist DSD_N "AMBALANTOTA" VB #</Process><Process ToolSource="c:\program files (x86)\arcgis\desktop10.2\ArcToolbox\Toolboxes\Data Management Tools.tbx\CalculateField" Date="20171007" Time="084539">CalculateField AllDist DSD_N "ANGUNAKOLAPELESSA" VB #</Process><Process ToolSource="c:\program files (x86)\arcgis\desktop10.2\ArcToolbox\Toolboxes\Data Management Tools.tbx\CalculateField" Date="20171007" Time="084732">CalculateField AllDist DSD_N "BELIATTA" VB #</Process><Process ToolSource="c:\program files (x86)\arcgis\desktop10.2\ArcToolbox\Toolboxes\Data Management Tools.tbx\CalculateField" Date="20171007" Time="084938">CalculateField AllDist DSD_N "SOORIYAWEWA" VB #</Process><Process ToolSource="c:\program files (x86)\arcgis\desktop10.2\ArcToolbox\Toolboxes\Data Management Tools.tbx\CalculateField" Date="20171007" Time="085006">CalculateField AllDist DSD_N "TANGALLE" VB #</Process><Process ToolSource="c:\program files (x86)\arcgis\desktop10.2\ArcToolbox\Toolboxes\Data Management Tools.tbx\CalculateField" Date="20171007" Time="085057">CalculateField AllDist DSD_N "THISSAMAHARAMA" VB #</Process><Process ToolSource="c:\program files (x86)\arcgis\desktop10.2\ArcToolbox\Toolboxes\Data Management Tools.tbx\CalculateField" Date="20171007" Time="085207">CalculateField AllDist DSD_N "WALASMULLA" VB #</Process><Process ToolSource="c:\program files (x86)\arcgis\desktop10.2\ArcToolbox\Toolboxes\Data Management Tools.tbx\CalculateField" Date="20171007" Time="085252">CalculateField AllDist DSD_N "WEERAKETIYA" VB #</Process><Process ToolSource="c:\program files (x86)\arcgis\desktop10.2\ArcToolbox\Toolboxes\Data Management Tools.tbx\CalculateField" Date="20171007" Time="112008">CalculateField AllDist DSD_N "MANTHAI EAST" VB #</Process><Process ToolSource="c:\program files (x86)\arcgis\desktop10.2\ArcToolbox\Toolboxes\Data Management Tools.tbx\CalculateField" Date="20171007" Time="114018">CalculateField AllDist DSD_N "PANDUWASNUWARA WEST" VB #</Process><Process ToolSource="c:\program files (x86)\arcgis\desktop10.3\ArcToolbox\Toolboxes\Data Management Tools.tbx\CalculateField" Date="20171007" Time="231147">CalculateField ALL_GNDS YEAR_CREATED 2017 VB #</Process><Process ToolSource="c:\program files (x86)\arcgis\desktop10.3\ArcToolbox\Toolboxes\Data Management Tools.tbx\CalculateField" Date="20171007" Time="231256">CalculateField ALL_GNDS DATA_SOURCE "Satellite Images" VB #</Process><Process ToolSource="c:\program files (x86)\arcgis\desktop10.3\ArcToolbox\Toolboxes\Data Management Tools.tbx\CalculateField" Date="20171008" Time="061945">CalculateField ALL_GNDS DSD_N "WELIVITIYA-DIVITURA" VB #</Process><Process ToolSource="c:\program files (x86)\arcgis\desktop10.3\ArcToolbox\Toolboxes\Data Management Tools.tbx\CalculateField" Date="20171008" Time="064141">CalculateField ALL_GNDS DSD_N "RATHNAPURA" VB #</Process><Process ToolSource="c:\program files (x86)\arcgis\desktop10.3\ArcToolbox\Toolboxes\Data Management Tools.tbx\CalculateField" Date="20171008" Time="064157">CalculateField ALL_GNDS DSD_N "RATNAPURA" VB #</Process><Process ToolSource="c:\program files (x86)\arcgis\desktop10.3\ArcToolbox\Toolboxes\Data Management Tools.tbx\CalculateField" Date="20171008" Time="064837">CalculateField ALL_GNDS DSD_N "MAHIYANGANAYA" VB #</Process><Process ToolSource="c:\program files (x86)\arcgis\desktop10.3\ArcToolbox\Toolboxes\Data Management Tools.tbx\CalculateField" Date="20171008" Time="065415">CalculateField ALL_GNDS DSD_N "HAPUTALE" VB #</Process><Process ToolSource="c:\program files (x86)\arcgis\desktop10.3\ArcToolbox\Toolboxes\Data Management Tools.tbx\CalculateField" Date="20171008" Time="065550">CalculateField ALL_GNDS DSD_N "WELIMADA" VB #</Process><Process ToolSource="c:\program files (x86)\arcgis\desktop10.3\ArcToolbox\Toolboxes\Data Management Tools.tbx\CalculateField" Date="20171008" Time="174440">CalculateField ALL_GNDS DSD_N "VANATHAVILLUWA" VB #</Process><Process ToolSource="c:\program files (x86)\arcgis\desktop10.3\ArcToolbox\Toolboxes\Data Management Tools.tbx\CalculateField" Date="20171008" Time="175524">CalculateField ALL_GNDS DSD_N "MARITIMEPATTU" VB #</Process><Process ToolSource="c:\program files (x86)\arcgis\desktop10.3\ArcToolbox\Toolboxes\Data Management Tools.tbx\CalculateField" Date="20171108" Time="192536">CalculateField ALL_GNDS_20171012 MTD_CREATION "Extracted on google with Interactive Participation of Grama Niladharies" VB #</Process><Process ToolSource="c:\program files (x86)\arcgis\desktop10.3\ArcToolbox\Toolboxes\Data Management Tools.tbx\CalculateField" Date="20171109" Time="061009">CalculateField ALL_GNDS_20171109 DATA_SOURCE "Satellite Images" VB #</Process><Process ToolSource="c:\program files (x86)\arcgis\desktop10.3\ArcToolbox\Toolboxes\Data Management Tools.tbx\CalculateField" Date="20171109" Time="061035">CalculateField ALL_GNDS_20171109 MTD_CREATION "Extracted on google with Interactive Participation of Grama Niladharies" VB #</Process><Process ToolSource="c:\program files (x86)\arcgis\desktop10.3\ArcToolbox\Toolboxes\Data Management Tools.tbx\CalculateField" Date="20171109" Time="061050">CalculateField ALL_GNDS_20171109 YEAR_CREATED 2017 VB #</Process><Process ToolSource="c:\program files (x86)\arcgis\desktop10.3\ArcToolbox\Toolboxes\Data Management Tools.tbx\CalculateField" Date="20171109" Time="121743">CalculateField ALL_GNDS_20171109 Dispute "GN boundary dispute with Gap-With adjoining District" VB #</Process><Process ToolSource="c:\program files (x86)\arcgis\desktop10.3\ArcToolbox\Toolboxes\Data Management Tools.tbx\CalculateField" Date="20171109" Time="121854">CalculateField ALL_GNDS_20171109 Dispute "GN boundary dispute with Gap-With adjoining District" VB #</Process><Process ToolSource="c:\program files (x86)\arcgis\desktop10.3\ArcToolbox\Toolboxes\Data Management Tools.tbx\CalculateField" Date="20171109" Time="123952">CalculateField ALL_GNDS_20171109 YEAR_CREATED 2017 VB #</Process><Process ToolSource="c:\program files (x86)\arcgis\desktop10.3\ArcToolbox\Toolboxes\Data Management Tools.tbx\CalculateField" Date="20171109" Time="124020">CalculateField ALL_GNDS_20171109 DATA_SOURCE "Satellite Images" VB #</Process><Process ToolSource="c:\program files (x86)\arcgis\desktop10.3\ArcToolbox\Toolboxes\Data Management Tools.tbx\CalculateField" Date="20171109" Time="124050">CalculateField ALL_GNDS_20171109 MTD_CREATION "Extracted on google with Interactive Participation of Grama Niladharies" VB #</Process><Process ToolSource="c:\program files (x86)\arcgis\desktop10.3\ArcToolbox\Toolboxes\Data Management Tools.tbx\CalculateField" Date="20210811" Time="234027">CalculateField AD_GN_Pg New_Admin_Code [NAC] VB #</Process><Process ToolSource="c:\program files (x86)\arcgis\desktop10.3\ArcToolbox\Toolboxes\Data Management Tools.tbx\CalculateField" Date="20210812" Time="183657">CalculateField AD_GN_Pg DSD_C 21 VB #</Process><Process ToolSource="c:\program files (x86)\arcgis\desktop10.3\ArcToolbox\Toolboxes\Data Management Tools.tbx\CalculateField" Date="20210812" Time="190442">CalculateField AD_GN_Pg New_GND_Co Right( [New_Admin_Code],3 ) VB #</Process><Process ToolSource="c:\program files (x86)\arcgis\desktop10.3\ArcToolbox\Toolboxes\Data Management Tools.tbx\CalculateField" Date="20210812" Time="193250">CalculateField AD_GN_Pg New_GND_Co Right( [New_Admin_Code],5 ) VB #</Process><Process ToolSource="c:\program files (x86)\arcgis\desktop10.3\ArcToolbox\Toolboxes\Data Management Tools.tbx\CalculateField" Date="20210812" Time="193426">CalculateField AD_GN_Pg New_GND_Co Right( [New_Admin_Code],3 ) VB #</Process><Process ToolSource="c:\program files (x86)\arcgis\desktop10.3\ArcToolbox\Toolboxes\Data Management Tools.tbx\CalculateField" Date="20210812" Time="194735">CalculateField AD_GN_Pg New_GND_Co Right( [New_Admin_Code],3 ) VB #</Process><Process ToolSource="c:\program files (x86)\arcgis\desktop10.3\ArcToolbox\Toolboxes\Data Management Tools.tbx\CalculateField" Date="20210812" Time="195111">CalculateField AD_GN_Pg New_GND_Co Right( [New_Admin_Code],3 ) VB #</Process><Process ToolSource="c:\program files (x86)\arcgis\desktop10.3\ArcToolbox\Toolboxes\Data Management Tools.tbx\CalculateField" Date="20210812" Time="195653">CalculateField AD_GN_Pg New_GND_Co Right( [New_Admin_Code],3 ) VB #</Process><Process ToolSource="c:\program files (x86)\arcgis\desktop10.3\ArcToolbox\Toolboxes\Data Management Tools.tbx\CalculateField" Date="20210812" Time="195841">CalculateField AD_GN_Pg New_GND_Co Right( [New_Admin_Code],3 ) VB #</Process><Process ToolSource="c:\program files (x86)\arcgis\desktop10.3\ArcToolbox\Toolboxes\Data Management Tools.tbx\CalculateField" Date="20210812" Time="200315">CalculateField AD_GN_Pg New_DSD_Code Mid( [New_Admin_Code],3,2 ) VB #</Process><Process ToolSource="c:\program files\arcgis\pro\Resources\ArcToolbox\toolboxes\Conversion Tools.tbx\ExportFeatures" Date="20220706" Time="104437">ExportFeatures AD_GN_PG_WGS84 "I:\Country\Sri Lanka\Analysis_Products\Reference_Maps\National\SLK_ABcheck_20220705\Default.gdb\AD_GN_PG_WGS84" # NOT_USE_ALIAS "OBJECTID_1 "OBJECTID_1" true true false 10 Long 0 10,First,#,AD_GN_PG_WGS84,OBJECTID_1,-1,-1;OBJECTID "OBJECTID" true true false 10 Long 0 10,First,#,AD_GN_PG_WGS84,OBJECTID,-1,-1;GND_N "GND_N" true true false 254 Text 0 0,First,#,AD_GN_PG_WGS84,GND_N,0,254;CM_Index "CM_Index" true true false 254 Text 0 0,First,#,AD_GN_PG_WGS84,CM_Index,0,254;GND_NO "GND_NO" true true false 254 Text 0 0,First,#,AD_GN_PG_WGS84,GND_NO,0,254;GND_C "GND_C" true true false 254 Text 0 0,First,#,AD_GN_PG_WGS84,GND_C,0,254;PROVINCE_N "PROVINCE_N" true true false 254 Text 0 0,First,#,AD_GN_PG_WGS84,PROVINCE_N,0,254;PROVINCE_C "PROVINCE_C" true true false 254 Text 0 0,First,#,AD_GN_PG_WGS84,PROVINCE_C,0,254;DISTRICT_N "DISTRICT_N" true true false 254 Text 0 0,First,#,AD_GN_PG_WGS84,DISTRICT_N,0,254;DISTRICT_C "DISTRICT_C" true true false 254 Text 0 0,First,#,AD_GN_PG_WGS84,DISTRICT_C,0,254;DSD_N "DSD_N" true true false 254 Text 0 0,First,#,AD_GN_PG_WGS84,DSD_N,0,254;DSD_C "DSD_C" true true false 254 Text 0 0,First,#,AD_GN_PG_WGS84,DSD_C,0,254;MC_UC_PC_N "MC_UC_PC_N" true true false 254 Text 0 0,First,#,AD_GN_PG_WGS84,MC_UC_PC_N,0,254;GN_Officer "GN_Officer" true true false 254 Text 0 0,First,#,AD_GN_PG_WGS84,GN_Officer,0,254;GN_Offic_1 "GN_Offic_1" true true false 19 Double 0 0,First,#,AD_GN_PG_WGS84,GN_Offic_1,-1,-1;ADMIN_CODE "ADMIN_CODE" true true false 10 Long 0 10,First,#,AD_GN_PG_WGS84,ADMIN_CODE,-1,-1;Dispute "Dispute" true true false 100 Text 0 0,First,#,AD_GN_PG_WGS84,Dispute,0,100;GND_NO_Cen "GND_NO_Cen" true true false 50 Text 0 0,First,#,AD_GN_PG_WGS84,GND_NO_Cen,0,50;GND_NAME_C "GND_NAME_C" true true false 50 Text 0 0,First,#,AD_GN_PG_WGS84,GND_NAME_C,0,50;GND_NO_Gaz "GND_NO_Gaz" true true false 50 Text 0 0,First,#,AD_GN_PG_WGS84,GND_NO_Gaz,0,50;GND_NAME_G "GND_NAME_G" true true false 50 Text 0 0,First,#,AD_GN_PG_WGS84,GND_NAME_G,0,50;YEAR_CREAT "YEAR_CREAT" true true false 50 Text 0 0,First,#,AD_GN_PG_WGS84,YEAR_CREAT,0,50;DATA_SOURC "DATA_SOURC" true true false 50 Text 0 0,First,#,AD_GN_PG_WGS84,DATA_SOURC,0,50;MTD_CREATI "MTD_CREATI" true true false 100 Text 0 0,First,#,AD_GN_PG_WGS84,MTD_CREATI,0,100;Shape_Leng "Shape_Leng" true true false 19 Double 0 0,First,#,AD_GN_PG_WGS84,Shape_Leng,-1,-1;Shape_Area "Shape_Area" true true false 19 Double 0 0,First,#,AD_GN_PG_WGS84,Shape_Area,-1,-1;Refarance "Refarance" true true false 200 Text 0 0,First,#,AD_GN_PG_WGS84,Refarance,0,200;Ext_SqKm "Ext_SqKm" true true false 19 Double 0 0,First,#,AD_GN_PG_WGS84,Ext_SqKm,-1,-1;New_Admin_ "New_Admin_" true true false 10 Long 0 10,First,#,AD_GN_PG_WGS84,New_Admin_,-1,-1;New_GND_Co "New_GND_Co" true true false 3 Text 0 0,First,#,AD_GN_PG_WGS84,New_GND_Co,0,3;New_DSD_Co "New_DSD_Co" true true false 5 Text 0 0,First,#,AD_GN_PG_WGS84,New_DSD_Co,0,5;MTD_REVISI "MTD_REVISI" true true false 100 Text 0 0,First,#,AD_GN_PG_WGS84,MTD_REVISI,0,100;YEAR_REVIS "YEAR_REVIS" true true false 20 Text 0 0,First,#,AD_GN_PG_WGS84,YEAR_REVIS,0,20;Pop_2020 "Pop_2020" true true false 10 Long 0 10,First,#,AD_GN_PG_WGS84,Pop_2020,-1,-1" #</Process><Process ToolSource="c:\program files\arcgis\pro\Resources\ArcToolbox\toolboxes\Data Management Tools.tbx\UpdateSchema" Date="20220706" Time="113234">UpdateSchema "CIMDATA=&lt;CIMStandardDataConnection xsi:type='typens:CIMStandardDataConnection' xmlns:xsi='http://www.w3.org/2001/XMLSchema-instance' xmlns:xs='http://www.w3.org/2001/XMLSchema' xmlns:typens='http://www.esri.com/schemas/ArcGIS/3.0.0'&gt;&lt;WorkspaceConnectionString&gt;DATABASE=I:\Country\Sri Lanka\Analysis_Products\Reference_Maps\National\SLK_ABcheck_20220705\Default.gdb&lt;/WorkspaceConnectionString&gt;&lt;WorkspaceFactory&gt;FileGDB&lt;/WorkspaceFactory&gt;&lt;Dataset&gt;AD_GN_PG_WGS84&lt;/Dataset&gt;&lt;DatasetType&gt;esriDTFeatureClass&lt;/DatasetType&gt;&lt;/CIMStandardDataConnection&gt;" &lt;operationSequence&gt;&lt;workflow&gt;&lt;AddField&gt;&lt;field_name&gt;ADMIN_PCODE&lt;/field_name&gt;&lt;field_type&gt;TEXT&lt;/field_type&gt;&lt;field_length&gt;100&lt;/field_length&gt;&lt;field_is_nullable&gt;True&lt;/field_is_nullable&gt;&lt;field_is_required&gt;False&lt;/field_is_required&gt;&lt;/AddField&gt;&lt;/workflow&gt;&lt;workflow&gt;&lt;AddField&gt;&lt;field_name&gt;Field&lt;/field_name&gt;&lt;field_type&gt;LONG&lt;/field_type&gt;&lt;field_is_nullable&gt;True&lt;/field_is_nullable&gt;&lt;field_is_required&gt;False&lt;/field_is_required&gt;&lt;/AddField&gt;&lt;/workflow&gt;&lt;/operationSequence&gt;</Process><Process ToolSource="c:\program files\arcgis\pro\Resources\ArcToolbox\toolboxes\Data Management Tools.tbx\UpdateSchema" Date="20220706" Time="113807">UpdateSchema "CIMDATA=&lt;CIMStandardDataConnection xsi:type='typens:CIMStandardDataConnection' xmlns:xsi='http://www.w3.org/2001/XMLSchema-instance' xmlns:xs='http://www.w3.org/2001/XMLSchema' xmlns:typens='http://www.esri.com/schemas/ArcGIS/3.0.0'&gt;&lt;WorkspaceConnectionString&gt;DATABASE=I:\Country\Sri Lanka\Analysis_Products\Reference_Maps\National\SLK_ABcheck_20220705\Default.gdb&lt;/WorkspaceConnectionString&gt;&lt;WorkspaceFactory&gt;FileGDB&lt;/WorkspaceFactory&gt;&lt;Dataset&gt;AD_GN_PG_WGS84&lt;/Dataset&gt;&lt;DatasetType&gt;esriDTFeatureClass&lt;/DatasetType&gt;&lt;/CIMStandardDataConnection&gt;" &lt;operationSequence&gt;&lt;workflow&gt;&lt;DeleteField&gt;&lt;field_name&gt;Field&lt;/field_name&gt;&lt;/DeleteField&gt;&lt;/workflow&gt;&lt;/operationSequence&gt;</Process><Process ToolSource="c:\program files\arcgis\pro\Resources\ArcToolbox\toolboxes\Data Management Tools.tbx\CalculateField" Date="20220706" Time="114126">CalculateField AD_GN_PG_WGS84 ADMIN_PCODE !ADMIN_CODE! "Python 3" # Text NO_ENFORCE_DOMAINS</Process><Process ToolSource="c:\program files\arcgis\pro\Resources\ArcToolbox\toolboxes\Data Management Tools.tbx\CalculateField" Date="20220706" Time="130618">CalculateField AD_GN_PG_WGS84 ADMIN_PCODE !ADMIN_CODE! "Python 3" # Text NO_ENFORCE_DOMAINS</Process><Process ToolSource="c:\program files\arcgis\pro\Resources\ArcToolbox\toolboxes\Data Management Tools.tbx\CalculateField" Date="20220706" Time="130956">CalculateField AD_GN_PG_WGS84 ADMIN_PCODE 'LK' "Python 3" # Text NO_ENFORCE_DOMAINS</Process><Process ToolSource="c:\program files\arcgis\pro\Resources\ArcToolbox\toolboxes\Data Management Tools.tbx\CalculateField" Date="20220706" Time="131254">CalculateField AD_GN_PG_WGS84 ADMIN_PCODE '' "Python 3" # Text NO_ENFORCE_DOMAINS</Process><Process ToolSource="c:\program files\arcgis\pro\Resources\ArcToolbox\toolboxes\Data Management Tools.tbx\UpdateSchema" Date="20220706" Time="132136">UpdateSchema "CIMDATA=&lt;CIMStandardDataConnection xsi:type='typens:CIMStandardDataConnection' xmlns:xsi='http://www.w3.org/2001/XMLSchema-instance' xmlns:xs='http://www.w3.org/2001/XMLSchema' xmlns:typens='http://www.esri.com/schemas/ArcGIS/3.0.0'&gt;&lt;WorkspaceConnectionString&gt;DATABASE=I:\Country\Sri Lanka\Analysis_Products\Reference_Maps\National\SLK_ABcheck_20220705\Default.gdb&lt;/WorkspaceConnectionString&gt;&lt;WorkspaceFactory&gt;FileGDB&lt;/WorkspaceFactory&gt;&lt;Dataset&gt;AD_GN_PG_WGS84&lt;/Dataset&gt;&lt;DatasetType&gt;esriDTFeatureClass&lt;/DatasetType&gt;&lt;/CIMStandardDataConnection&gt;" &lt;operationSequence&gt;&lt;workflow&gt;&lt;AddField&gt;&lt;field_name&gt;admin_codetext&lt;/field_name&gt;&lt;field_type&gt;TEXT&lt;/field_type&gt;&lt;field_length&gt;100&lt;/field_length&gt;&lt;field_is_nullable&gt;True&lt;/field_is_nullable&gt;&lt;field_is_required&gt;False&lt;/field_is_required&gt;&lt;/AddField&gt;&lt;/workflow&gt;&lt;/operationSequence&gt;</Process><Process ToolSource="c:\program files\arcgis\pro\Resources\ArcToolbox\toolboxes\Data Management Tools.tbx\CalculateField" Date="20220706" Time="132226">CalculateField AD_GN_PG_WGS84 admin_codetext !ADMIN_CODE! "Python 3" # Text NO_ENFORCE_DOMAINS</Process><Process ToolSource="c:\program files\arcgis\pro\Resources\ArcToolbox\toolboxes\Data Management Tools.tbx\CalculateField" Date="20220706" Time="132317">CalculateField AD_GN_PG_WGS84 ADMIN_PCODE 'LK'+!admin_codetext! "Python 3" # Text NO_ENFORCE_DOMAINS</Process><Process ToolSource="c:\program files\arcgis\pro\Resources\ArcToolbox\toolboxes\Data Management Tools.tbx\CalculateField" Date="20220706" Time="132500">CalculateField AD_GN_PG_WGS84 ADMIN_PCODE 'LK'+!admin_codetext! "Python 3" # Text NO_ENFORCE_DOMAINS</Process><Process ToolSource="c:\program files\arcgis\pro\Resources\ArcToolbox\toolboxes\Data Management Tools.tbx\DeleteField" Date="20220706" Time="132644">DeleteField AD_GN_PG_WGS84 admin_codetext "Delete Fields"</Process><Process ToolSource="c:\program files\arcgis\pro\Resources\ArcToolbox\toolboxes\Data Management Tools.tbx\UpdateSchema" Date="20220706" Time="133242">UpdateSchema "CIMDATA=&lt;CIMStandardDataConnection xsi:type='typens:CIMStandardDataConnection' xmlns:xsi='http://www.w3.org/2001/XMLSchema-instance' xmlns:xs='http://www.w3.org/2001/XMLSchema' xmlns:typens='http://www.esri.com/schemas/ArcGIS/3.0.0'&gt;&lt;WorkspaceConnectionString&gt;DATABASE=I:\Country\Sri Lanka\Analysis_Products\Reference_Maps\National\SLK_ABcheck_20220705\Default.gdb&lt;/WorkspaceConnectionString&gt;&lt;WorkspaceFactory&gt;FileGDB&lt;/WorkspaceFactory&gt;&lt;Dataset&gt;AD_GN_PG_WGS84&lt;/Dataset&gt;&lt;DatasetType&gt;esriDTFeatureClass&lt;/DatasetType&gt;&lt;/CIMStandardDataConnection&gt;" &lt;operationSequence&gt;&lt;workflow&gt;&lt;AlterField&gt;&lt;field_name&gt;ADMIN_PCODE&lt;/field_name&gt;&lt;new_field_name&gt;ADMIN4_PCODE&lt;/new_field_name&gt;&lt;field_type&gt;TEXT&lt;/field_type&gt;&lt;field_is_nullable&gt;True&lt;/field_is_nullable&gt;&lt;clear_field_alias&gt;False&lt;/clear_field_alias&gt;&lt;/AlterField&gt;&lt;/workflow&gt;&lt;/operationSequence&gt;</Process><Process ToolSource="c:\program files\arcgis\pro\Resources\ArcToolbox\toolboxes\Data Management Tools.tbx\UpdateSchema" Date="20220706" Time="133744">UpdateSchema "CIMDATA=&lt;CIMStandardDataConnection xsi:type='typens:CIMStandardDataConnection' xmlns:xsi='http://www.w3.org/2001/XMLSchema-instance' xmlns:xs='http://www.w3.org/2001/XMLSchema' xmlns:typens='http://www.esri.com/schemas/ArcGIS/3.0.0'&gt;&lt;WorkspaceConnectionString&gt;DATABASE=I:\Country\Sri Lanka\Analysis_Products\Reference_Maps\National\SLK_ABcheck_20220705\Default.gdb&lt;/WorkspaceConnectionString&gt;&lt;WorkspaceFactory&gt;FileGDB&lt;/WorkspaceFactory&gt;&lt;Dataset&gt;AD_GN_PG_WGS84&lt;/Dataset&gt;&lt;DatasetType&gt;esriDTFeatureClass&lt;/DatasetType&gt;&lt;/CIMStandardDataConnection&gt;" &lt;operationSequence&gt;&lt;workflow&gt;&lt;AddField&gt;&lt;field_name&gt;ADMIN4_TYPE&lt;/field_name&gt;&lt;field_type&gt;TEXT&lt;/field_type&gt;&lt;field_length&gt;100&lt;/field_length&gt;&lt;field_is_nullable&gt;True&lt;/field_is_nullable&gt;&lt;field_is_required&gt;False&lt;/field_is_required&gt;&lt;/AddField&gt;&lt;/workflow&gt;&lt;/operationSequence&gt;</Process><Process ToolSource="c:\program files\arcgis\pro\Resources\ArcToolbox\toolboxes\Data Management Tools.tbx\CalculateField" Date="20220706" Time="135602">CalculateField AD_GN_PG_WGS84 ADMIN4_TYPE 'Water Area' "Python 3" # Text NO_ENFORCE_DOMAINS</Process><Process ToolSource="c:\program files\arcgis\pro\Resources\ArcToolbox\toolboxes\Data Management Tools.tbx\CalculateField" Date="20220706" Time="135708">CalculateField AD_GN_PG_WGS84 ADMIN4_TYPE '' "Python 3" # Text NO_ENFORCE_DOMAINS</Process><Process ToolSource="c:\program files\arcgis\pro\Resources\ArcToolbox\toolboxes\Conversion Tools.tbx\ExportFeatures" Date="20220706" Time="141008">ExportFeatures AD_GN_PG_WGS84 "I:\Country\Sri Lanka\Analysis_Products\Reference_Maps\National\SLK_ABcheck_20220705\Default.gdb\AD_GN_PG_WGS84_Joint_HDX" # NOT_USE_ALIAS "OBJECTID_1 "OBJECTID_1" true true false 4 Long 0 0,First,#,AD_GN_PG_WGS84,AD_GN_PG_WGS84.OBJECTID_1,-1,-1;OBJECTID "OBJECTID" true true false 4 Long 0 0,First,#,AD_GN_PG_WGS84,AD_GN_PG_WGS84.OBJECTID,-1,-1;GND_N "GND_N" true true false 254 Text 0 0,First,#,AD_GN_PG_WGS84,AD_GN_PG_WGS84.GND_N,0,254;CM_Index "CM_Index" true true false 254 Text 0 0,First,#,AD_GN_PG_WGS84,AD_GN_PG_WGS84.CM_Index,0,254;GND_C "GND_C" true true false 254 Text 0 0,First,#,AD_GN_PG_WGS84,AD_GN_PG_WGS84.GND_C,0,254;PROVINCE_N "PROVINCE_N" true true false 254 Text 0 0,First,#,AD_GN_PG_WGS84,AD_GN_PG_WGS84.PROVINCE_N,0,254;PROVINCE_C "PROVINCE_C" true true false 254 Text 0 0,First,#,AD_GN_PG_WGS84,AD_GN_PG_WGS84.PROVINCE_C,0,254;DISTRICT_N "DISTRICT_N" true true false 254 Text 0 0,First,#,AD_GN_PG_WGS84,AD_GN_PG_WGS84.DISTRICT_N,0,254;DISTRICT_C "DISTRICT_C" true true false 254 Text 0 0,First,#,AD_GN_PG_WGS84,AD_GN_PG_WGS84.DISTRICT_C,0,254;DSD_N "DSD_N" true true false 254 Text 0 0,First,#,AD_GN_PG_WGS84,AD_GN_PG_WGS84.DSD_N,0,254;DSD_C "DSD_C" true true false 254 Text 0 0,First,#,AD_GN_PG_WGS84,AD_GN_PG_WGS84.DSD_C,0,254;GN_Offic_1 "GN_Offic_1" true true false 8 Double 0 0,First,#,AD_GN_PG_WGS84,AD_GN_PG_WGS84.GN_Offic_1,-1,-1;ADMIN_CODE "ADMIN_CODE" true true false 4 Long 0 0,First,#,AD_GN_PG_WGS84,AD_GN_PG_WGS84.ADMIN_CODE,-1,-1;Dispute "Dispute" true true false 100 Text 0 0,First,#,AD_GN_PG_WGS84,AD_GN_PG_WGS84.Dispute,0,100;Shape_Length "Shape_Length" false true true 8 Double 0 0,First,#,AD_GN_PG_WGS84,AD_GN_PG_WGS84.Shape_Length,-1,-1;Shape_Area "Shape_Area" false true true 8 Double 0 0,First,#,AD_GN_PG_WGS84,AD_GN_PG_WGS84.Shape_Area,-1,-1;ADMIN4_PCODE "ADMIN4_PCODE" true true false 100 Text 0 0,First,#,AD_GN_PG_WGS84,AD_GN_PG_WGS84.ADMIN4_PCODE,0,100;ADMIN4_TYPE "admin4_type" true true false 100 Text 0 0,First,#,AD_GN_PG_WGS84,AD_GN_PG_WGS84.ADMIN4_TYPE,0,100;FID "FID" false true false 4 Long 0 9,First,#,AD_GN_PG_WGS84,lka_admbnda_adm4_slsd_20200305.FID,-1,-1;ADM4_EN "ADM4_EN" true true false 50 Text 0 0,First,#,AD_GN_PG_WGS84,lka_admbnda_adm4_slsd_20200305.ADM4_EN,0,50;ADM4_SI "ADM4_SI" true true false 50 Text 0 0,First,#,AD_GN_PG_WGS84,lka_admbnda_adm4_slsd_20200305.ADM4_SI,0,50;ADM4_TA "ADM4_TA" true true false 50 Text 0 0,First,#,AD_GN_PG_WGS84,lka_admbnda_adm4_slsd_20200305.ADM4_TA,0,50;ADM4_PCODE "ADM4_PCODE" true true false 50 Text 0 0,First,#,AD_GN_PG_WGS84,lka_admbnda_adm4_slsd_20200305.ADM4_PCODE,0,50;ADM4_REF "ADM4_REF" true true false 50 Text 0 0,First,#,AD_GN_PG_WGS84,lka_admbnda_adm4_slsd_20200305.ADM4_REF,0,50;ADM4ALT1EN "ADM4ALT1EN" true true false 50 Text 0 0,First,#,AD_GN_PG_WGS84,lka_admbnda_adm4_slsd_20200305.ADM4ALT1EN,0,50;ADM4ALT2EN "ADM4ALT2EN" true true false 50 Text 0 0,First,#,AD_GN_PG_WGS84,lka_admbnda_adm4_slsd_20200305.ADM4ALT2EN,0,50;ADM4ALT1SI "ADM4ALT1SI" true true false 50 Text 0 0,First,#,AD_GN_PG_WGS84,lka_admbnda_adm4_slsd_20200305.ADM4ALT1SI,0,50;ADM4ALT2SI "ADM4ALT2SI" true true false 50 Text 0 0,First,#,AD_GN_PG_WGS84,lka_admbnda_adm4_slsd_20200305.ADM4ALT2SI,0,50;ADM4ALT1TA "ADM4ALT1TA" true true false 50 Text 0 0,First,#,AD_GN_PG_WGS84,lka_admbnda_adm4_slsd_20200305.ADM4ALT1TA,0,50;ADM4ALT2TA "ADM4ALT2TA" true true false 50 Text 0 0,First,#,AD_GN_PG_WGS84,lka_admbnda_adm4_slsd_20200305.ADM4ALT2TA,0,50;ADM3_EN "ADM3_EN" true true false 50 Text 0 0,First,#,AD_GN_PG_WGS84,lka_admbnda_adm4_slsd_20200305.ADM3_EN,0,50;ADM3_SI "ADM3_SI" true true false 50 Text 0 0,First,#,AD_GN_PG_WGS84,lka_admbnda_adm4_slsd_20200305.ADM3_SI,0,50;ADM3_TA "ADM3_TA" true true false 50 Text 0 0,First,#,AD_GN_PG_WGS84,lka_admbnda_adm4_slsd_20200305.ADM3_TA,0,50;ADM3_PCODE "ADM3_PCODE" true true false 50 Text 0 0,First,#,AD_GN_PG_WGS84,lka_admbnda_adm4_slsd_20200305.ADM3_PCODE,0,50;ADM2_EN "ADM2_EN" true true false 50 Text 0 0,First,#,AD_GN_PG_WGS84,lka_admbnda_adm4_slsd_20200305.ADM2_EN,0,50;ADM2_SI "ADM2_SI" true true false 50 Text 0 0,First,#,AD_GN_PG_WGS84,lka_admbnda_adm4_slsd_20200305.ADM2_SI,0,50;ADM2_TA "ADM2_TA" true true false 50 Text 0 0,First,#,AD_GN_PG_WGS84,lka_admbnda_adm4_slsd_20200305.ADM2_TA,0,50;ADM2_PCODE "ADM2_PCODE" true true false 50 Text 0 0,First,#,AD_GN_PG_WGS84,lka_admbnda_adm4_slsd_20200305.ADM2_PCODE,0,50;ADM1_EN "ADM1_EN" true true false 50 Text 0 0,First,#,AD_GN_PG_WGS84,lka_admbnda_adm4_slsd_20200305.ADM1_EN,0,50;ADM1_SI "ADM1_SI" true true false 50 Text 0 0,First,#,AD_GN_PG_WGS84,lka_admbnda_adm4_slsd_20200305.ADM1_SI,0,50;ADM1_TA "ADM1_TA" true true false 50 Text 0 0,First,#,AD_GN_PG_WGS84,lka_admbnda_adm4_slsd_20200305.ADM1_TA,0,50;ADM1_PCODE "ADM1_PCODE" true true false 50 Text 0 0,First,#,AD_GN_PG_WGS84,lka_admbnda_adm4_slsd_20200305.ADM1_PCODE,0,50;ADM0_EN "ADM0_EN" true true false 50 Text 0 0,First,#,AD_GN_PG_WGS84,lka_admbnda_adm4_slsd_20200305.ADM0_EN,0,50;ADM0_SI "ADM0_SI" true true false 50 Text 0 0,First,#,AD_GN_PG_WGS84,lka_admbnda_adm4_slsd_20200305.ADM0_SI,0,50;ADM0_TA "ADM0_TA" true true false 50 Text 0 0,First,#,AD_GN_PG_WGS84,lka_admbnda_adm4_slsd_20200305.ADM0_TA,0,50;ADM0_PCODE "ADM0_PCODE" true true false 50 Text 0 0,First,#,AD_GN_PG_WGS84,lka_admbnda_adm4_slsd_20200305.ADM0_PCODE,0,50;Shape_Leng "Shape_Leng" true true false 19 Double 0 0,First,#,AD_GN_PG_WGS84,lka_admbnda_adm4_slsd_20200305.Shape_Leng,-1,-1;Shape_Area "Shape_Area" true true false 19 Double 0 0,First,#,AD_GN_PG_WGS84,lka_admbnda_adm4_slsd_20200305.Shape_Area,-1,-1;date "date" true true false 8 Date 0 0,First,#,AD_GN_PG_WGS84,lka_admbnda_adm4_slsd_20200305.date,-1,-1;validOn "validOn" true true false 8 Date 0 0,First,#,AD_GN_PG_WGS84,lka_admbnda_adm4_slsd_20200305.validOn,-1,-1;validTo "validTo" true true false 8 Date 0 0,First,#,AD_GN_PG_WGS84,lka_admbnda_adm4_slsd_20200305.validTo,-1,-1" #</Process><Process ToolSource="c:\program files\arcgis\pro\Resources\ArcToolbox\toolboxes\Data Management Tools.tbx\CalculateField" Date="20220707" Time="115041">CalculateField AD_GN_PG_WGS84_Joint_HDX GND_N 'Name is not defined' "Python 3" # Text NO_ENFORCE_DOMAINS</Process><Process ToolSource="c:\program files\arcgis\pro\Resources\ArcToolbox\toolboxes\Conversion Tools.tbx\ExportFeatures" Date="20220707" Time="124732">ExportFeatures AD_GN_PG_WGS84_Joint_HDX "I:\Country\Sri Lanka\Analysis_Products\Reference_Maps\National\SLK_ABcheck_20220705\Default.gdb\Topology_admin\Admin4_AD_GN_PG_WGS84_joint_HDX" # NOT_USE_ALIAS "OBJECTID_1 "OBJECTID_1" true true false 4 Long 0 0,First,#,AD_GN_PG_WGS84_Joint_HDX,OBJECTID_1,-1,-1;OBJECTID "OBJECTID" true true false 4 Long 0 0,First,#,AD_GN_PG_WGS84_Joint_HDX,OBJECTID,-1,-1;GND_N "GND_N" true true false 254 Text 0 0,First,#,AD_GN_PG_WGS84_Joint_HDX,GND_N,0,254;CM_Index "CM_Index" true true false 254 Text 0 0,First,#,AD_GN_PG_WGS84_Joint_HDX,CM_Index,0,254;GND_C "GND_C" true true false 254 Text 0 0,First,#,AD_GN_PG_WGS84_Joint_HDX,GND_C,0,254;PROVINCE_N "PROVINCE_N" true true false 254 Text 0 0,First,#,AD_GN_PG_WGS84_Joint_HDX,PROVINCE_N,0,254;PROVINCE_C "PROVINCE_C" true true false 254 Text 0 0,First,#,AD_GN_PG_WGS84_Joint_HDX,PROVINCE_C,0,254;DISTRICT_N "DISTRICT_N" true true false 254 Text 0 0,First,#,AD_GN_PG_WGS84_Joint_HDX,DISTRICT_N,0,254;DISTRICT_C "DISTRICT_C" true true false 254 Text 0 0,First,#,AD_GN_PG_WGS84_Joint_HDX,DISTRICT_C,0,254;DSD_N "DSD_N" true true false 254 Text 0 0,First,#,AD_GN_PG_WGS84_Joint_HDX,DSD_N,0,254;DSD_C "DSD_C" true true false 254 Text 0 0,First,#,AD_GN_PG_WGS84_Joint_HDX,DSD_C,0,254;GN_Offic_1 "GN_Offic_1" true true false 8 Double 0 0,First,#,AD_GN_PG_WGS84_Joint_HDX,GN_Offic_1,-1,-1;ADMIN_CODE "ADMIN_CODE" true true false 4 Long 0 0,First,#,AD_GN_PG_WGS84_Joint_HDX,ADMIN_CODE,-1,-1;Dispute "Dispute" true true false 100 Text 0 0,First,#,AD_GN_PG_WGS84_Joint_HDX,Dispute,0,100;ADMIN4_PCODE "ADMIN4_PCODE" true true false 100 Text 0 0,First,#,AD_GN_PG_WGS84_Joint_HDX,ADMIN4_PCODE,0,100;ADMIN4_TYPE "admin4_type" true true false 100 Text 0 0,First,#,AD_GN_PG_WGS84_Joint_HDX,ADMIN4_TYPE,0,100;FID_1 "FID" true true false 4 Long 0 0,First,#,AD_GN_PG_WGS84_Joint_HDX,FID_1,-1,-1;ADM4_EN "ADM4_EN" true true false 50 Text 0 0,First,#,AD_GN_PG_WGS84_Joint_HDX,ADM4_EN,0,50;ADM4_SI "ADM4_SI" true true false 50 Text 0 0,First,#,AD_GN_PG_WGS84_Joint_HDX,ADM4_SI,0,50;ADM4_TA "ADM4_TA" true true false 50 Text 0 0,First,#,AD_GN_PG_WGS84_Joint_HDX,ADM4_TA,0,50;ADM4_PCODE "ADM4_PCODE" true true false 50 Text 0 0,First,#,AD_GN_PG_WGS84_Joint_HDX,ADM4_PCODE,0,50;ADM4_REF "ADM4_REF" true true false 50 Text 0 0,First,#,AD_GN_PG_WGS84_Joint_HDX,ADM4_REF,0,50;ADM4ALT1EN "ADM4ALT1EN" true true false 50 Text 0 0,First,#,AD_GN_PG_WGS84_Joint_HDX,ADM4ALT1EN,0,50;ADM4ALT2EN "ADM4ALT2EN" true true false 50 Text 0 0,First,#,AD_GN_PG_WGS84_Joint_HDX,ADM4ALT2EN,0,50;ADM4ALT1SI "ADM4ALT1SI" true true false 50 Text 0 0,First,#,AD_GN_PG_WGS84_Joint_HDX,ADM4ALT1SI,0,50;ADM4ALT2SI "ADM4ALT2SI" true true false 50 Text 0 0,First,#,AD_GN_PG_WGS84_Joint_HDX,ADM4ALT2SI,0,50;ADM4ALT1TA "ADM4ALT1TA" true true false 50 Text 0 0,First,#,AD_GN_PG_WGS84_Joint_HDX,ADM4ALT1TA,0,50;ADM4ALT2TA "ADM4ALT2TA" true true false 50 Text 0 0,First,#,AD_GN_PG_WGS84_Joint_HDX,ADM4ALT2TA,0,50;ADM3_EN "ADM3_EN" true true false 50 Text 0 0,First,#,AD_GN_PG_WGS84_Joint_HDX,ADM3_EN,0,50;ADM3_SI "ADM3_SI" true true false 50 Text 0 0,First,#,AD_GN_PG_WGS84_Joint_HDX,ADM3_SI,0,50;ADM3_TA "ADM3_TA" true true false 50 Text 0 0,First,#,AD_GN_PG_WGS84_Joint_HDX,ADM3_TA,0,50;ADM3_PCODE "ADM3_PCODE" true true false 50 Text 0 0,First,#,AD_GN_PG_WGS84_Joint_HDX,ADM3_PCODE,0,50;ADM2_EN "ADM2_EN" true true false 50 Text 0 0,First,#,AD_GN_PG_WGS84_Joint_HDX,ADM2_EN,0,50;ADM2_SI "ADM2_SI" true true false 50 Text 0 0,First,#,AD_GN_PG_WGS84_Joint_HDX,ADM2_SI,0,50;ADM2_TA "ADM2_TA" true true false 50 Text 0 0,First,#,AD_GN_PG_WGS84_Joint_HDX,ADM2_TA,0,50;ADM2_PCODE "ADM2_PCODE" true true false 50 Text 0 0,First,#,AD_GN_PG_WGS84_Joint_HDX,ADM2_PCODE,0,50;ADM1_EN "ADM1_EN" true true false 50 Text 0 0,First,#,AD_GN_PG_WGS84_Joint_HDX,ADM1_EN,0,50;ADM1_SI "ADM1_SI" true true false 50 Text 0 0,First,#,AD_GN_PG_WGS84_Joint_HDX,ADM1_SI,0,50;ADM1_TA "ADM1_TA" true true false 50 Text 0 0,First,#,AD_GN_PG_WGS84_Joint_HDX,ADM1_TA,0,50;ADM1_PCODE "ADM1_PCODE" true true false 50 Text 0 0,First,#,AD_GN_PG_WGS84_Joint_HDX,ADM1_PCODE,0,50;ADM0_EN "ADM0_EN" true true false 50 Text 0 0,First,#,AD_GN_PG_WGS84_Joint_HDX,ADM0_EN,0,50;ADM0_SI "ADM0_SI" true true false 50 Text 0 0,First,#,AD_GN_PG_WGS84_Joint_HDX,ADM0_SI,0,50;ADM0_TA "ADM0_TA" true true false 50 Text 0 0,First,#,AD_GN_PG_WGS84_Joint_HDX,ADM0_TA,0,50;ADM0_PCODE "ADM0_PCODE" true true false 50 Text 0 0,First,#,AD_GN_PG_WGS84_Joint_HDX,ADM0_PCODE,0,50;Shape_Leng "Shape_Leng" true true false 8 Double 0 0,First,#,AD_GN_PG_WGS84_Joint_HDX,Shape_Leng,-1,-1;Shape_Area_1 "Shape_Area" true true false 8 Double 0 0,First,#,AD_GN_PG_WGS84_Joint_HDX,Shape_Area_1,-1,-1;date "date" true true false 8 Date 0 0,First,#,AD_GN_PG_WGS84_Joint_HDX,date,-1,-1;validOn "validOn" true true false 8 Date 0 0,First,#,AD_GN_PG_WGS84_Joint_HDX,validOn,-1,-1;validTo "validTo" true true false 8 Date 0 0,First,#,AD_GN_PG_WGS84_Joint_HDX,validTo,-1,-1;Shape_Length "Shape_Length" false true true 8 Double 0 0,First,#,AD_GN_PG_WGS84_Joint_HDX,Shape_Length,-1,-1;Shape_Area "Shape_Area" false true true 8 Double 0 0,First,#,AD_GN_PG_WGS84_Joint_HDX,Shape_Area,-1,-1" #</Process><Process ToolSource="c:\program files\arcgis\pro\Resources\ArcToolbox\toolboxes\Conversion Tools.tbx\ExportFeatures" Date="20220711" Time="150447">ExportFeatures Admin4_AD_GN_PG_WGS84_joint_HDX "I:\Country\Sri Lanka\Datasets\Base_Data\Admin\Survey_Department_2022\Admin_Data_Official_fromSD\LKA_AdminOfficial_fromSD_20220711.gdb\lka__admbnda_admin4_official_20220711" # NOT_USE_ALIAS "OBJECTID_1 "OBJECTID_1" true true false 4 Long 0 0,First,#,Admin4_AD_GN_PG_WGS84_joint_HDX,OBJECTID_1,-1,-1;OBJECTID "OBJECTID" true true false 4 Long 0 0,First,#,Admin4_AD_GN_PG_WGS84_joint_HDX,OBJECTID,-1,-1;GND_N "GND_N" true true false 254 Text 0 0,First,#,Admin4_AD_GN_PG_WGS84_joint_HDX,GND_N,0,254;CM_Index "CM_Index" true true false 254 Text 0 0,First,#,Admin4_AD_GN_PG_WGS84_joint_HDX,CM_Index,0,254;GND_C "GND_C" true true false 254 Text 0 0,First,#,Admin4_AD_GN_PG_WGS84_joint_HDX,GND_C,0,254;PROVINCE_N "PROVINCE_N" true true false 254 Text 0 0,First,#,Admin4_AD_GN_PG_WGS84_joint_HDX,PROVINCE_N,0,254;PROVINCE_C "PROVINCE_C" true true false 254 Text 0 0,First,#,Admin4_AD_GN_PG_WGS84_joint_HDX,PROVINCE_C,0,254;DISTRICT_N "DISTRICT_N" true true false 254 Text 0 0,First,#,Admin4_AD_GN_PG_WGS84_joint_HDX,DISTRICT_N,0,254;DISTRICT_C "DISTRICT_C" true true false 254 Text 0 0,First,#,Admin4_AD_GN_PG_WGS84_joint_HDX,DISTRICT_C,0,254;DSD_N "DSD_N" true true false 254 Text 0 0,First,#,Admin4_AD_GN_PG_WGS84_joint_HDX,DSD_N,0,254;DSD_C "DSD_C" true true false 254 Text 0 0,First,#,Admin4_AD_GN_PG_WGS84_joint_HDX,DSD_C,0,254;GN_Offic_1 "GN_Offic_1" true true false 8 Double 0 0,First,#,Admin4_AD_GN_PG_WGS84_joint_HDX,GN_Offic_1,-1,-1;ADMIN_CODE "ADMIN_CODE" true true false 4 Long 0 0,First,#,Admin4_AD_GN_PG_WGS84_joint_HDX,ADMIN_CODE,-1,-1;Dispute "Dispute" true true false 100 Text 0 0,First,#,Admin4_AD_GN_PG_WGS84_joint_HDX,Dispute,0,100;ADMIN4_PCODE "ADMIN4_PCODE" true true false 100 Text 0 0,First,#,Admin4_AD_GN_PG_WGS84_joint_HDX,ADMIN4_PCODE,0,100;ADMIN4_TYPE "admin4_type" true true false 100 Text 0 0,First,#,Admin4_AD_GN_PG_WGS84_joint_HDX,ADMIN4_TYPE,0,100;FID_1 "FID" true true false 4 Long 0 0,First,#,Admin4_AD_GN_PG_WGS84_joint_HDX,FID_1,-1,-1;ADM4_EN "ADM4_EN" true true false 50 Text 0 0,First,#,Admin4_AD_GN_PG_WGS84_joint_HDX,ADM4_EN,0,50;ADM4_SI "ADM4_SI" true true false 50 Text 0 0,First,#,Admin4_AD_GN_PG_WGS84_joint_HDX,ADM4_SI,0,50;ADM4_TA "ADM4_TA" true true false 50 Text 0 0,First,#,Admin4_AD_GN_PG_WGS84_joint_HDX,ADM4_TA,0,50;ADM4_PCODE "ADM4_PCODE" true true false 50 Text 0 0,First,#,Admin4_AD_GN_PG_WGS84_joint_HDX,ADM4_PCODE,0,50;ADM4_REF "ADM4_REF" true true false 50 Text 0 0,First,#,Admin4_AD_GN_PG_WGS84_joint_HDX,ADM4_REF,0,50;ADM4ALT1EN "ADM4ALT1EN" true true false 50 Text 0 0,First,#,Admin4_AD_GN_PG_WGS84_joint_HDX,ADM4ALT1EN,0,50;ADM4ALT2EN "ADM4ALT2EN" true true false 50 Text 0 0,First,#,Admin4_AD_GN_PG_WGS84_joint_HDX,ADM4ALT2EN,0,50;ADM4ALT1SI "ADM4ALT1SI" true true false 50 Text 0 0,First,#,Admin4_AD_GN_PG_WGS84_joint_HDX,ADM4ALT1SI,0,50;ADM4ALT2SI "ADM4ALT2SI" true true false 50 Text 0 0,First,#,Admin4_AD_GN_PG_WGS84_joint_HDX,ADM4ALT2SI,0,50;ADM4ALT1TA "ADM4ALT1TA" true true false 50 Text 0 0,First,#,Admin4_AD_GN_PG_WGS84_joint_HDX,ADM4ALT1TA,0,50;ADM4ALT2TA "ADM4ALT2TA" true true false 50 Text 0 0,First,#,Admin4_AD_GN_PG_WGS84_joint_HDX,ADM4ALT2TA,0,50;ADM3_EN "ADM3_EN" true true false 50 Text 0 0,First,#,Admin4_AD_GN_PG_WGS84_joint_HDX,ADM3_EN,0,50;ADM3_SI "ADM3_SI" true true false 50 Text 0 0,First,#,Admin4_AD_GN_PG_WGS84_joint_HDX,ADM3_SI,0,50;ADM3_TA "ADM3_TA" true true false 50 Text 0 0,First,#,Admin4_AD_GN_PG_WGS84_joint_HDX,ADM3_TA,0,50;ADM3_PCODE "ADM3_PCODE" true true false 50 Text 0 0,First,#,Admin4_AD_GN_PG_WGS84_joint_HDX,ADM3_PCODE,0,50;ADM2_EN "ADM2_EN" true true false 50 Text 0 0,First,#,Admin4_AD_GN_PG_WGS84_joint_HDX,ADM2_EN,0,50;ADM2_SI "ADM2_SI" true true false 50 Text 0 0,First,#,Admin4_AD_GN_PG_WGS84_joint_HDX,ADM2_SI,0,50;ADM2_TA "ADM2_TA" true true false 50 Text 0 0,First,#,Admin4_AD_GN_PG_WGS84_joint_HDX,ADM2_TA,0,50;ADM2_PCODE "ADM2_PCODE" true true false 50 Text 0 0,First,#,Admin4_AD_GN_PG_WGS84_joint_HDX,ADM2_PCODE,0,50;ADM1_EN "ADM1_EN" true true false 50 Text 0 0,First,#,Admin4_AD_GN_PG_WGS84_joint_HDX,ADM1_EN,0,50;ADM1_SI "ADM1_SI" true true false 50 Text 0 0,First,#,Admin4_AD_GN_PG_WGS84_joint_HDX,ADM1_SI,0,50;ADM1_TA "ADM1_TA" true true false 50 Text 0 0,First,#,Admin4_AD_GN_PG_WGS84_joint_HDX,ADM1_TA,0,50;ADM1_PCODE "ADM1_PCODE" true true false 50 Text 0 0,First,#,Admin4_AD_GN_PG_WGS84_joint_HDX,ADM1_PCODE,0,50;ADM0_EN "ADM0_EN" true true false 50 Text 0 0,First,#,Admin4_AD_GN_PG_WGS84_joint_HDX,ADM0_EN,0,50;ADM0_SI "ADM0_SI" true true false 50 Text 0 0,First,#,Admin4_AD_GN_PG_WGS84_joint_HDX,ADM0_SI,0,50;ADM0_TA "ADM0_TA" true true false 50 Text 0 0,First,#,Admin4_AD_GN_PG_WGS84_joint_HDX,ADM0_TA,0,50;ADM0_PCODE "ADM0_PCODE" true true false 50 Text 0 0,First,#,Admin4_AD_GN_PG_WGS84_joint_HDX,ADM0_PCODE,0,50;Shape_Leng "Shape_Leng" true true false 8 Double 0 0,First,#,Admin4_AD_GN_PG_WGS84_joint_HDX,Shape_Leng,-1,-1;Shape_Area_1 "Shape_Area" true true false 8 Double 0 0,First,#,Admin4_AD_GN_PG_WGS84_joint_HDX,Shape_Area_1,-1,-1;date "date" true true false 8 Date 0 0,First,#,Admin4_AD_GN_PG_WGS84_joint_HDX,date,-1,-1;validOn "validOn" true true false 8 Date 0 0,First,#,Admin4_AD_GN_PG_WGS84_joint_HDX,validOn,-1,-1;validTo "validTo" true true false 8 Date 0 0,First,#,Admin4_AD_GN_PG_WGS84_joint_HDX,validTo,-1,-1;Shape_Length "Shape_Length" false true true 8 Double 0 0,First,#,Admin4_AD_GN_PG_WGS84_joint_HDX,Shape_Length,-1,-1;Shape_Area "Shape_Area" false true true 8 Double 0 0,First,#,Admin4_AD_GN_PG_WGS84_joint_HDX,Shape_Area,-1,-1" #</Process><Process ToolSource="c:\program files\arcgis\pro\Resources\ArcToolbox\toolboxes\Data Management Tools.tbx\DeleteField" Date="20220711" Time="151235">DeleteField lka__admbnda_admin4_official_20220711 CM_Index "Delete Fields"</Process><Process ToolSource="c:\program files\arcgis\pro\Resources\ArcToolbox\toolboxes\Data Management Tools.tbx\DeleteField" Date="20220711" Time="151317">DeleteField lka__admbnda_admin4_official_20220711 GN_Offic_1 "Delete Fields"</Process><Process ToolSource="c:\program files\arcgis\pro\Resources\ArcToolbox\toolboxes\Data Management Tools.tbx\DeleteField" Date="20220711" Time="151351">DeleteField lka__admbnda_admin4_official_20220711 Dispute "Delete Fields"</Process><Process ToolSource="c:\program files\arcgis\pro\Resources\ArcToolbox\toolboxes\Data Management Tools.tbx\DeleteField" Date="20220711" Time="151514">DeleteField lka__admbnda_admin4_official_20220711 FID_1 "Delete Fields"</Process><Process ToolSource="c:\program files\arcgis\pro\Resources\ArcToolbox\toolboxes\Data Management Tools.tbx\CalculateField" Date="20220711" Time="151858">CalculateField lka__admbnda_admin4_official_20220711 ADM3_EN !DSD_N! "Python 3" # Text NO_ENFORCE_DOMAINS</Process><Process ToolSource="c:\program files\arcgis\pro\Resources\ArcToolbox\toolboxes\Data Management Tools.tbx\CalculateField" Date="20220711" Time="152112">CalculateField lka__admbnda_admin4_official_20220711 ADM3_PCODE "'LK' + !PROVINCE_C! + !DISTRICT_C! + !DSD_C!" "Python 3" # Text NO_ENFORCE_DOMAINS</Process><Process ToolSource="c:\program files\arcgis\pro\Resources\ArcToolbox\toolboxes\Data Management Tools.tbx\CalculateField" Date="20220711" Time="152159">CalculateField lka__admbnda_admin4_official_20220711 ADM3_PCODE "!PROVINCE_C! + !DISTRICT_C! + !DSD_C!" "Python 3" # Text NO_ENFORCE_DOMAINS</Process><Process ToolSource="c:\program files\arcgis\pro\Resources\ArcToolbox\toolboxes\Data Management Tools.tbx\CalculateField" Date="20220711" Time="152347">CalculateField lka__admbnda_admin4_official_20220711 ADM3_PCODE "'LK' + !PROVINCE_C! + !DISTRICT_C! + !DSD_C!" "Python 3" # Text NO_ENFORCE_DOMAINS</Process><Process ToolSource="c:\program files\arcgis\pro\Resources\ArcToolbox\toolboxes\Data Management Tools.tbx\CalculateField" Date="20220712" Time="093945">CalculateField lka__admbnda_admin4_official_20220711 PROVINCE_C '5' "Python 3" # Text NO_ENFORCE_DOMAINS</Process><Process ToolSource="c:\program files\arcgis\pro\Resources\ArcToolbox\Toolboxes\Data Management Tools.tbx\Rename" Date="20220713" Time="160506">Rename "C:\Users\Pkumkornsarn\United Nations\OCHA ROAP - IM_PROJECTS\Country\Sri Lanka\Datasets\Base_Data\Admin\Survey_Department_2022\Admin_Data_Official_fromSD\LKA_AdminOfficial_fromSD_20220711.gdb\lka__admbnda_admin4_official_20220711" "C:\Users\Pkumkornsarn\United Nations\OCHA ROAP - IM_PROJECTS\Country\Sri Lanka\Datasets\Base_Data\Admin\Survey_Department_2022\Admin_Data_Official_fromSD\LKA_AdminOfficial_fromSD_20220711.gdb\lka_admbnda_admin4_official_20220711" FeatureClass</Process><Process ToolSource="c:\program files\arcgis\pro\Resources\ArcToolbox\toolboxes\Data Management Tools.tbx\UpdateSchema" Date="20220714" Time="091652">UpdateSchema "CIMDATA=&lt;CIMStandardDataConnection xsi:type='typens:CIMStandardDataConnection' xmlns:xsi='http://www.w3.org/2001/XMLSchema-instance' xmlns:xs='http://www.w3.org/2001/XMLSchema' xmlns:typens='http://www.esri.com/schemas/ArcGIS/3.0.0'&gt;&lt;WorkspaceConnectionString&gt;DATABASE=C:\Users\Pkumkornsarn\United Nations\OCHA ROAP - IM_PROJECTS\Country\Sri Lanka\Datasets\Base_Data\Admin\Survey_Department_2022\Admin_Data_Official_fromSD\LKA_AdminOfficial_fromSD_20220711.gdb&lt;/WorkspaceConnectionString&gt;&lt;WorkspaceFactory&gt;FileGDB&lt;/WorkspaceFactory&gt;&lt;Dataset&gt;lka_admbnda_admin4_official_20220711&lt;/Dataset&gt;&lt;DatasetType&gt;esriDTFeatureClass&lt;/DatasetType&gt;&lt;/CIMStandardDataConnection&gt;" &lt;operationSequence&gt;&lt;workflow&gt;&lt;AlterField&gt;&lt;field_name&gt;ADMIN_CODE&lt;/field_name&gt;&lt;new_field_name&gt;ADMIN4_CODE&lt;/new_field_name&gt;&lt;field_is_nullable&gt;True&lt;/field_is_nullable&gt;&lt;clear_field_alias&gt;False&lt;/clear_field_alias&gt;&lt;/AlterField&gt;&lt;/workflow&gt;&lt;/operationSequence&gt;</Process><Process ToolSource="c:\program files\arcgis\pro\Resources\ArcToolbox\toolboxes\Data Management Tools.tbx\CopyFeatures" Date="20220720" Time="100755">CopyFeatures "C:\Users\Pkumkornsarn\United Nations\OCHA ROAP - IM_PROJECTS\Country\Sri Lanka\Datasets\Base_Data\Admin\Survey_Department_2022\Admin_Data_Official_fromSD\LKA_AdminOfficial_fromSD_20220711.gdb\lka_admbnda_admin4_official_20220711" "I:\Country\Sri Lanka\Datasets\Base_Data\Admin\Survey_Department_2022\Admin_Data_Official_fromSD\shp\lka_admbnda_admin4_official_20220711.shp" # # # #</Process><Process ToolSource="c:\program files\arcgis\pro\Resources\ArcToolbox\toolboxes\Data Management Tools.tbx\CopyFeatures" Date="20220720" Time="101003">CopyFeatures "I:\Country\Sri Lanka\Datasets\Base_Data\Admin\Survey_Department_2022\Admin_Data_Official_fromSD\shp\lka_admbnda_admin4_official_20220711.shp" "I:\Country\Sri Lanka\Analysis_Products\Reference_Maps\National\SLK_ABcheck_20220705\Default.gdb\Topology_admin\lka_admbnda_admin4_official_20220711" # # # #</Process><Process ToolSource="c:\program files\arcgis\pro\Resources\ArcToolbox\toolboxes\Conversion Tools.tbx\ExportFeatures" Date="20220720" Time="114215">ExportFeatures lka_admbnda_admin4_official_20220711 "I:\Country\Sri Lanka\Datasets\Base_Data\Admin\Survey_Department_2022\Admin_Data_Official_fromSD\AdminOfficial_SD\LKA_AdminOfficial_fromSD_20220711.gdb\lka_admbnda_admin4_official_20220720" # NOT_USE_ALIAS "OBJECTID_2 "OBJECTID_2" true true false 4 Long 0 0,First,#,lka_admbnda_admin4_official_20220711,OBJECTID_2,-1,-1;OBJECTID "OBJECTID" true true false 4 Long 0 0,First,#,lka_admbnda_admin4_official_20220711,OBJECTID,-1,-1;GND_N "GND_N" true true false 254 Text 0 0,First,#,lka_admbnda_admin4_official_20220711,GND_N,0,254;GND_C "GND_C" true true false 254 Text 0 0,First,#,lka_admbnda_admin4_official_20220711,GND_C,0,254;PROVINCE_N "PROVINCE_N" true true false 254 Text 0 0,First,#,lka_admbnda_admin4_official_20220711,PROVINCE_N,0,254;PROVINCE_C "PROVINCE_C" true true false 254 Text 0 0,First,#,lka_admbnda_admin4_official_20220711,PROVINCE_C,0,254;DISTRICT_N "DISTRICT_N" true true false 254 Text 0 0,First,#,lka_admbnda_admin4_official_20220711,DISTRICT_N,0,254;DISTRICT_C "DISTRICT_C" true true false 254 Text 0 0,First,#,lka_admbnda_admin4_official_20220711,DISTRICT_C,0,254;DSD_N "DSD_N" true true false 254 Text 0 0,First,#,lka_admbnda_admin4_official_20220711,DSD_N,0,254;DSD_C "DSD_C" true true false 254 Text 0 0,First,#,lka_admbnda_admin4_official_20220711,DSD_C,0,254;ADMIN4_COD "ADMIN4_COD" true true false 4 Long 0 0,First,#,lka_admbnda_admin4_official_20220711,ADMIN4_COD,-1,-1;ADMIN4_PCO "ADMIN4_PCO" true true false 100 Text 0 0,First,#,lka_admbnda_admin4_official_20220711,ADMIN4_PCO,0,100;ADMIN4_TYP "ADMIN4_TYP" true true false 100 Text 0 0,First,#,lka_admbnda_admin4_official_20220711,ADMIN4_TYP,0,100;ADM4_EN "ADM4_EN" true true false 50 Text 0 0,First,#,lka_admbnda_admin4_official_20220711,ADM4_EN,0,50;ADM4_SI "ADM4_SI" true true false 50 Text 0 0,First,#,lka_admbnda_admin4_official_20220711,ADM4_SI,0,50;ADM4_TA "ADM4_TA" true true false 50 Text 0 0,First,#,lka_admbnda_admin4_official_20220711,ADM4_TA,0,50;ADM4_PCODE "ADM4_PCODE" true true false 50 Text 0 0,First,#,lka_admbnda_admin4_official_20220711,ADM4_PCODE,0,50;ADM4_REF "ADM4_REF" true true false 50 Text 0 0,First,#,lka_admbnda_admin4_official_20220711,ADM4_REF,0,50;ADM4ALT1EN "ADM4ALT1EN" true true false 50 Text 0 0,First,#,lka_admbnda_admin4_official_20220711,ADM4ALT1EN,0,50;ADM4ALT2EN "ADM4ALT2EN" true true false 50 Text 0 0,First,#,lka_admbnda_admin4_official_20220711,ADM4ALT2EN,0,50;ADM4ALT1SI "ADM4ALT1SI" true true false 50 Text 0 0,First,#,lka_admbnda_admin4_official_20220711,ADM4ALT1SI,0,50;ADM4ALT2SI "ADM4ALT2SI" true true false 50 Text 0 0,First,#,lka_admbnda_admin4_official_20220711,ADM4ALT2SI,0,50;ADM4ALT1TA "ADM4ALT1TA" true true false 50 Text 0 0,First,#,lka_admbnda_admin4_official_20220711,ADM4ALT1TA,0,50;ADM4ALT2TA "ADM4ALT2TA" true true false 50 Text 0 0,First,#,lka_admbnda_admin4_official_20220711,ADM4ALT2TA,0,50;ADM3_EN "ADM3_EN" true true false 50 Text 0 0,First,#,lka_admbnda_admin4_official_20220711,ADM3_EN,0,50;ADM3_SI "ADM3_SI" true true false 50 Text 0 0,First,#,lka_admbnda_admin4_official_20220711,ADM3_SI,0,50;ADM3_TA "ADM3_TA" true true false 50 Text 0 0,First,#,lka_admbnda_admin4_official_20220711,ADM3_TA,0,50;ADM3_PCODE "ADM3_PCODE" true true false 50 Text 0 0,First,#,lka_admbnda_admin4_official_20220711,ADM3_PCODE,0,50;ADM2_EN "ADM2_EN" true true false 50 Text 0 0,First,#,lka_admbnda_admin4_official_20220711,ADM2_EN,0,50;ADM2_SI "ADM2_SI" true true false 50 Text 0 0,First,#,lka_admbnda_admin4_official_20220711,ADM2_SI,0,50;ADM2_TA "ADM2_TA" true true false 50 Text 0 0,First,#,lka_admbnda_admin4_official_20220711,ADM2_TA,0,50;ADM2_PCODE "ADM2_PCODE" true true false 50 Text 0 0,First,#,lka_admbnda_admin4_official_20220711,ADM2_PCODE,0,50;ADM1_EN "ADM1_EN" true true false 50 Text 0 0,First,#,lka_admbnda_admin4_official_20220711,ADM1_EN,0,50;ADM1_SI "ADM1_SI" true true false 50 Text 0 0,First,#,lka_admbnda_admin4_official_20220711,ADM1_SI,0,50;ADM1_TA "ADM1_TA" true true false 50 Text 0 0,First,#,lka_admbnda_admin4_official_20220711,ADM1_TA,0,50;ADM1_PCODE "ADM1_PCODE" true true false 50 Text 0 0,First,#,lka_admbnda_admin4_official_20220711,ADM1_PCODE,0,50;ADM0_EN "ADM0_EN" true true false 50 Text 0 0,First,#,lka_admbnda_admin4_official_20220711,ADM0_EN,0,50;ADM0_SI "ADM0_SI" true true false 50 Text 0 0,First,#,lka_admbnda_admin4_official_20220711,ADM0_SI,0,50;ADM0_TA "ADM0_TA" true true false 50 Text 0 0,First,#,lka_admbnda_admin4_official_20220711,ADM0_TA,0,50;ADM0_PCODE "ADM0_PCODE" true true false 50 Text 0 0,First,#,lka_admbnda_admin4_official_20220711,ADM0_PCODE,0,50;Shape_Leng "Shape_Leng" true true false 8 Double 0 0,First,#,lka_admbnda_admin4_official_20220711,Shape_Leng,-1,-1;date "date" true true false 8 Date 0 0,First,#,lka_admbnda_admin4_official_20220711,date,-1,-1;validOn "validOn" true true false 8 Date 0 0,First,#,lka_admbnda_admin4_official_20220711,validOn,-1,-1;validTo "validTo" true true false 8 Date 0 0,First,#,lka_admbnda_admin4_official_20220711,validTo,-1,-1;Shape_Le_1 "Shape_Le_1" true true false 8 Double 0 0,First,#,lka_admbnda_admin4_official_20220711,Shape_Le_1,-1,-1;Shape_Ar_1 "Shape_Ar_1" true true false 8 Double 0 0,First,#,lka_admbnda_admin4_official_20220711,Shape_Ar_1,-1,-1;Shape_Length "Shape_Length" false true true 8 Double 0 0,First,#,lka_admbnda_admin4_official_20220711,Shape_Length,-1,-1;Shape_Area "Shape_Area" false true true 8 Double 0 0,First,#,lka_admbnda_admin4_official_20220711,Shape_Area,-1,-1" #</Process><Process ToolSource="c:\program files\arcgis\pro\Resources\ArcToolbox\Toolboxes\Data Management Tools.tbx\DeleteField" Date="20220720" Time="132743">DeleteField V2\lka_admbnda_admin4_official_20220720 date "Delete Fields"</Process><Process ToolSource="c:\program files\arcgis\pro\Resources\ArcToolbox\Toolboxes\Data Management Tools.tbx\DeleteField" Date="20220720" Time="132752">DeleteField V2\lka_admbnda_admin4_official_20220720 validOn "Delete Fields"</Process><Process ToolSource="c:\program files\arcgis\pro\Resources\ArcToolbox\Toolboxes\Data Management Tools.tbx\DeleteField" Date="20220720" Time="132800">DeleteField V2\lka_admbnda_admin4_official_20220720 validTo "Delete Fields"</Process><Process ToolSource="c:\program files\arcgis\pro\Resources\ArcToolbox\Toolboxes\Data Management Tools.tbx\DeleteField" Date="20220720" Time="132807">DeleteField V2\lka_admbnda_admin4_official_20220720 Shape_Le_1 "Delete Fields"</Process><Process ToolSource="c:\program files\arcgis\pro\Resources\ArcToolbox\Toolboxes\Data Management Tools.tbx\DeleteField" Date="20220720" Time="132819">DeleteField V2\lka_admbnda_admin4_official_20220720 Shape_Ar_1 "Delete Fields"</Process><Process ToolSource="c:\program files\arcgis\pro\Resources\ArcToolbox\Toolboxes\Data Management Tools.tbx\DeleteField" Date="20220720" Time="132842">DeleteField V2\lka_admbnda_admin4_official_20220720 Shape_Leng "Delete Fields"</Process><Process ToolSource="c:\program files\arcgis\pro\Resources\ArcToolbox\Toolboxes\Data Management Tools.tbx\DeleteField" Date="20220720" Time="132918">DeleteField V2\lka_admbnda_admin4_official_20220720 ADMIN4_TYP "Delete Fields"</Process><Process ToolSource="c:\program files\arcgis\pro\Resources\ArcToolbox\toolboxes\Data Management Tools.tbx\CalculateField" Date="20220720" Time="133119">CalculateField V2\lka_admbnda_admin4_official_20220720 ADM4_PCODE !ADMIN4_PCO! "Python 3" # Text NO_ENFORCE_DOMAINS</Process><Process ToolSource="c:\program files\arcgis\pro\Resources\ArcToolbox\toolboxes\Data Management Tools.tbx\DeleteField" Date="20220720" Time="133146">DeleteField V2\lka_admbnda_admin4_official_20220720 ADMIN4_PCO "Delete Fields"</Process><Process ToolSource="c:\program files\arcgis\pro\Resources\ArcToolbox\toolboxes\Data Management Tools.tbx\DeleteField" Date="20220720" Time="133202">DeleteField V2\lka_admbnda_admin4_official_20220720 ADMIN4_COD "Delete Fields"</Process><Process ToolSource="c:\program files\arcgis\pro\Resources\ArcToolbox\toolboxes\Data Management Tools.tbx\DeleteField" Date="20220720" Time="133300">DeleteField V2\lka_admbnda_admin4_official_20220720 GND_N "Delete Fields"</Process><Process ToolSource="c:\program files\arcgis\pro\Resources\ArcToolbox\toolboxes\Data Management Tools.tbx\DeleteField" Date="20220720" Time="133305">DeleteField V2\lka_admbnda_admin4_official_20220720 OBJECTID "Delete Fields"</Process><Process ToolSource="c:\program files\arcgis\pro\Resources\ArcToolbox\toolboxes\Data Management Tools.tbx\DeleteField" Date="20220720" Time="133311">DeleteField V2\lka_admbnda_admin4_official_20220720 OBJECTID_2 "Delete Fields"</Process><Process ToolSource="c:\program files\arcgis\pro\Resources\ArcToolbox\toolboxes\Data Management Tools.tbx\DeleteField" Date="20220720" Time="133339">DeleteField V2\lka_admbnda_admin4_official_20220720 PROVINCE_N "Delete Fields"</Process><Process ToolSource="c:\program files\arcgis\pro\Resources\ArcToolbox\toolboxes\Data Management Tools.tbx\DeleteField" Date="20220720" Time="133352">DeleteField V2\lka_admbnda_admin4_official_20220720 DISTRICT_N "Delete Fields"</Process><Process ToolSource="c:\program files\arcgis\pro\Resources\ArcToolbox\toolboxes\Data Management Tools.tbx\DeleteField" Date="20220720" Time="133417">DeleteField V2\lka_admbnda_admin4_official_20220720 DSD_N "Delete Fields"</Process><Process ToolSource="c:\program files\arcgis\pro\Resources\ArcToolbox\toolboxes\Conversion Tools.tbx\FeatureClassToFeatureClass" Date="20220728" Time="091826">FeatureClassToFeatureClass lka_admbnda_admin4_official_20220720 "D:\OCHA\CODS\Countries\LKA\LKA 2022_07_28 ITOS TOPO CHECK" "lka_admbnda_adm4_2022 for ITOS topo check.shp" # "GND_C "GND_C" true true false 254 Text 0 0,First,#,lka_admbnda_admin4_official_20220720,GND_C,0,254;PROVINCE_C "PROVINCE_C" true true false 254 Text 0 0,First,#,lka_admbnda_admin4_official_20220720,PROVINCE_C,0,254;DISTRICT_C "DISTRICT_C" true true false 254 Text 0 0,First,#,lka_admbnda_admin4_official_20220720,DISTRICT_C,0,254;DSD_C "DSD_C" true true false 254 Text 0 0,First,#,lka_admbnda_admin4_official_20220720,DSD_C,0,254;ADM4_EN "ADM4_EN" true true false 50 Text 0 0,First,#,lka_admbnda_admin4_official_20220720,ADM4_EN,0,50;ADM4_SI "ADM4_SI" true true false 50 Text 0 0,First,#,lka_admbnda_admin4_official_20220720,ADM4_SI,0,50;ADM4_TA "ADM4_TA" true true false 50 Text 0 0,First,#,lka_admbnda_admin4_official_20220720,ADM4_TA,0,50;ADM4_PCODE "ADM4_PCODE" true true false 50 Text 0 0,First,#,lka_admbnda_admin4_official_20220720,ADM4_PCODE,0,50;ADM4_REF "ADM4_REF" true true false 50 Text 0 0,First,#,lka_admbnda_admin4_official_20220720,ADM4_REF,0,50;ADM4ALT1EN "ADM4ALT1EN" true true false 50 Text 0 0,First,#,lka_admbnda_admin4_official_20220720,ADM4ALT1EN,0,50;ADM4ALT2EN "ADM4ALT2EN" true true false 50 Text 0 0,First,#,lka_admbnda_admin4_official_20220720,ADM4ALT2EN,0,50;ADM4ALT1SI "ADM4ALT1SI" true true false 50 Text 0 0,First,#,lka_admbnda_admin4_official_20220720,ADM4ALT1SI,0,50;ADM4ALT2SI "ADM4ALT2SI" true true false 50 Text 0 0,First,#,lka_admbnda_admin4_official_20220720,ADM4ALT2SI,0,50;ADM4ALT1TA "ADM4ALT1TA" true true false 50 Text 0 0,First,#,lka_admbnda_admin4_official_20220720,ADM4ALT1TA,0,50;ADM4ALT2TA "ADM4ALT2TA" true true false 50 Text 0 0,First,#,lka_admbnda_admin4_official_20220720,ADM4ALT2TA,0,50;ADM3_EN "ADM3_EN" true true false 50 Text 0 0,First,#,lka_admbnda_admin4_official_20220720,ADM3_EN,0,50;ADM3_SI "ADM3_SI" true true false 50 Text 0 0,First,#,lka_admbnda_admin4_official_20220720,ADM3_SI,0,50;ADM3_TA "ADM3_TA" true true false 50 Text 0 0,First,#,lka_admbnda_admin4_official_20220720,ADM3_TA,0,50;ADM3_PCODE "ADM3_PCODE" true true false 50 Text 0 0,First,#,lka_admbnda_admin4_official_20220720,ADM3_PCODE,0,50;ADM2_EN "ADM2_EN" true true false 50 Text 0 0,First,#,lka_admbnda_admin4_official_20220720,ADM2_EN,0,50;ADM2_SI "ADM2_SI" true true false 50 Text 0 0,First,#,lka_admbnda_admin4_official_20220720,ADM2_SI,0,50;ADM2_TA "ADM2_TA" true true false 50 Text 0 0,First,#,lka_admbnda_admin4_official_20220720,ADM2_TA,0,50;ADM2_PCODE "ADM2_PCODE" true true false 50 Text 0 0,First,#,lka_admbnda_admin4_official_20220720,ADM2_PCODE,0,50;ADM1_EN "ADM1_EN" true true false 50 Text 0 0,First,#,lka_admbnda_admin4_official_20220720,ADM1_EN,0,50;ADM1_SI "ADM1_SI" true true false 50 Text 0 0,First,#,lka_admbnda_admin4_official_20220720,ADM1_SI,0,50;ADM1_TA "ADM1_TA" true true false 50 Text 0 0,First,#,lka_admbnda_admin4_official_20220720,ADM1_TA,0,50;ADM1_PCODE "ADM1_PCODE" true true false 50 Text 0 0,First,#,lka_admbnda_admin4_official_20220720,ADM1_PCODE,0,50;ADM0_EN "ADM0_EN" true true false 50 Text 0 0,First,#,lka_admbnda_admin4_official_20220720,ADM0_EN,0,50;ADM0_SI "ADM0_SI" true true false 50 Text 0 0,First,#,lka_admbnda_admin4_official_20220720,ADM0_SI,0,50;ADM0_TA "ADM0_TA" true true false 50 Text 0 0,First,#,lka_admbnda_admin4_official_20220720,ADM0_TA,0,50;ADM0_PCODE "ADM0_PCODE" true true false 50 Text 0 0,First,#,lka_admbnda_admin4_official_20220720,ADM0_PCODE,0,50;Shape_Length "Shape_Length" false true true 8 Double 0 0,First,#,lka_admbnda_admin4_official_20220720,Shape_Length,-1,-1;Shape_Area "Shape_Area" false true true 8 Double 0 0,First,#,lka_admbnda_admin4_official_20220720,Shape_Area,-1,-1" #</Process><Process ToolSource="c:\program files (x86)\arcgis\desktop10.8\ArcToolbox\Toolboxes\Analysis Tools.tbx\Union" Date="20220729" Time="120856">Union "'lka_admbnda_adm4_2022 for ITOS topo check' #" "C:\Users\jchilds\Desktop\Sri Lanka topology check\LKA 2022_07_28 ITOS TOPO CHECK\lka_admbnda_adm4_union.shp" ALL # NO_GAPS</Process><Process ToolSource="c:\program files\arcgis\pro\Resources\ArcToolbox\toolboxes\Data Management Tools.tbx\DeleteField" Date="20220801" Time="081427">DeleteField lka_admbnda_adm4_2022_FIXED GND_C "Delete Fields"</Process><Process ToolSource="c:\program files\arcgis\pro\Resources\ArcToolbox\toolboxes\Data Management Tools.tbx\DeleteField" Date="20220801" Time="081435">DeleteField lka_admbnda_adm4_2022_FIXED PROVINCE_C "Delete Fields"</Process><Process ToolSource="c:\program files\arcgis\pro\Resources\ArcToolbox\toolboxes\Data Management Tools.tbx\DeleteField" Date="20220801" Time="081441">DeleteField lka_admbnda_adm4_2022_FIXED DISTRICT_C "Delete Fields"</Process><Process ToolSource="c:\program files\arcgis\pro\Resources\ArcToolbox\toolboxes\Data Management Tools.tbx\DeleteField" Date="20220801" Time="081447">DeleteField lka_admbnda_adm4_2022_FIXED DSD_C "Delete Fields"</Process><Process ToolSource="c:\program files\arcgis\pro\Resources\ArcToolbox\toolboxes\Data Management Tools.tbx\DeleteField" Date="20220801" Time="081453">DeleteField lka_admbnda_adm4_2022_FIXED ADM4_SI "Delete Fields"</Process><Process ToolSource="c:\program files\arcgis\pro\Resources\ArcToolbox\toolboxes\Data Management Tools.tbx\DeleteField" Date="20220801" Time="081457">DeleteField lka_admbnda_adm4_2022_FIXED ADM4_TA "Delete Fields"</Process><Process ToolSource="c:\program files\arcgis\pro\Resources\ArcToolbox\toolboxes\Data Management Tools.tbx\DeleteField" Date="20220801" Time="081502">DeleteField lka_admbnda_adm4_2022_FIXED ADM4_PCODE "Delete Fields"</Process><Process ToolSource="c:\program files\arcgis\pro\Resources\ArcToolbox\toolboxes\Data Management Tools.tbx\DeleteField" Date="20220801" Time="081507">DeleteField lka_admbnda_adm4_2022_FIXED ADM4_REF "Delete Fields"</Process><Process ToolSource="c:\program files\arcgis\pro\Resources\ArcToolbox\toolboxes\Data Management Tools.tbx\DeleteField" Date="20220801" Time="081512">DeleteField lka_admbnda_adm4_2022_FIXED ADM4ALT1EN "Delete Fields"</Process><Process ToolSource="c:\program files\arcgis\pro\Resources\ArcToolbox\toolboxes\Data Management Tools.tbx\DeleteField" Date="20220801" Time="081517">DeleteField lka_admbnda_adm4_2022_FIXED ADM4ALT2EN "Delete Fields"</Process><Process ToolSource="c:\program files\arcgis\pro\Resources\ArcToolbox\toolboxes\Data Management Tools.tbx\DeleteField" Date="20220801" Time="081521">DeleteField lka_admbnda_adm4_2022_FIXED ADM4ALT1SI "Delete Fields"</Process><Process ToolSource="c:\program files\arcgis\pro\Resources\ArcToolbox\toolboxes\Data Management Tools.tbx\DeleteField" Date="20220801" Time="081526">DeleteField lka_admbnda_adm4_2022_FIXED ADM4ALT2SI "Delete Fields"</Process><Process ToolSource="c:\program files\arcgis\pro\Resources\ArcToolbox\toolboxes\Data Management Tools.tbx\DeleteField" Date="20220801" Time="081530">DeleteField lka_admbnda_adm4_2022_FIXED ADM4ALT1TA "Delete Fields"</Process><Process ToolSource="c:\program files\arcgis\pro\Resources\ArcToolbox\toolboxes\Data Management Tools.tbx\DeleteField" Date="20220801" Time="081535">DeleteField lka_admbnda_adm4_2022_FIXED ADM4ALT2TA "Delete Fields"</Process><Process ToolSource="c:\program files\arcgis\pro\Resources\ArcToolbox\toolboxes\Data Management Tools.tbx\DeleteField" Date="20220801" Time="081539">DeleteField lka_admbnda_adm4_2022_FIXED ADM3_EN "Delete Fields"</Process><Process ToolSource="c:\program files\arcgis\pro\Resources\ArcToolbox\toolboxes\Data Management Tools.tbx\DeleteField" Date="20220801" Time="081544">DeleteField lka_admbnda_adm4_2022_FIXED ADM3_SI "Delete Fields"</Process><Process ToolSource="c:\program files\arcgis\pro\Resources\ArcToolbox\toolboxes\Data Management Tools.tbx\DeleteField" Date="20220801" Time="081555">DeleteField lka_admbnda_adm4_2022_FIXED ADM3_TA "Delete Fields"</Process><Process ToolSource="c:\program files\arcgis\pro\Resources\ArcToolbox\toolboxes\Data Management Tools.tbx\DeleteField" Date="20220801" Time="081559">DeleteField lka_admbnda_adm4_2022_FIXED ADM3_PCODE "Delete Fields"</Process><Process ToolSource="c:\program files\arcgis\pro\Resources\ArcToolbox\toolboxes\Data Management Tools.tbx\DeleteField" Date="20220801" Time="081603">DeleteField lka_admbnda_adm4_2022_FIXED ADM2_EN "Delete Fields"</Process><Process ToolSource="c:\program files\arcgis\pro\Resources\ArcToolbox\toolboxes\Data Management Tools.tbx\DeleteField" Date="20220801" Time="081607">DeleteField lka_admbnda_adm4_2022_FIXED ADM2_SI "Delete Fields"</Process><Process ToolSource="c:\program files\arcgis\pro\Resources\ArcToolbox\toolboxes\Data Management Tools.tbx\DeleteField" Date="20220801" Time="081611">DeleteField lka_admbnda_adm4_2022_FIXED ADM2_TA "Delete Fields"</Process><Process ToolSource="c:\program files\arcgis\pro\Resources\ArcToolbox\toolboxes\Data Management Tools.tbx\DeleteField" Date="20220801" Time="081616">DeleteField lka_admbnda_adm4_2022_FIXED ADM2_PCODE "Delete Fields"</Process><Process ToolSource="c:\program files\arcgis\pro\Resources\ArcToolbox\toolboxes\Data Management Tools.tbx\DeleteField" Date="20220801" Time="081621">DeleteField lka_admbnda_adm4_2022_FIXED ADM1_EN "Delete Fields"</Process><Process ToolSource="c:\program files\arcgis\pro\Resources\ArcToolbox\toolboxes\Data Management Tools.tbx\DeleteField" Date="20220801" Time="081626">DeleteField lka_admbnda_adm4_2022_FIXED ADM1_SI "Delete Fields"</Process><Process ToolSource="c:\program files\arcgis\pro\Resources\ArcToolbox\toolboxes\Data Management Tools.tbx\DeleteField" Date="20220801" Time="081630">DeleteField lka_admbnda_adm4_2022_FIXED ADM1_TA "Delete Fields"</Process><Process ToolSource="c:\program files\arcgis\pro\Resources\ArcToolbox\toolboxes\Data Management Tools.tbx\DeleteField" Date="20220801" Time="081635">DeleteField lka_admbnda_adm4_2022_FIXED ADM1_PCODE "Delete Fields"</Process><Process ToolSource="c:\program files\arcgis\pro\Resources\ArcToolbox\toolboxes\Data Management Tools.tbx\DeleteField" Date="20220801" Time="081638">DeleteField lka_admbnda_adm4_2022_FIXED ADM0_EN "Delete Fields"</Process><Process ToolSource="c:\program files\arcgis\pro\Resources\ArcToolbox\toolboxes\Data Management Tools.tbx\DeleteField" Date="20220801" Time="081643">DeleteField lka_admbnda_adm4_2022_FIXED ADM0_SI "Delete Fields"</Process><Process ToolSource="c:\program files\arcgis\pro\Resources\ArcToolbox\toolboxes\Data Management Tools.tbx\DeleteField" Date="20220801" Time="081659">DeleteField lka_admbnda_adm4_2022_FIXED ADM0_TA "Delete Fields"</Process><Process ToolSource="c:\program files\arcgis\pro\Resources\ArcToolbox\toolboxes\Data Management Tools.tbx\DeleteField" Date="20220801" Time="081703">DeleteField lka_admbnda_adm4_2022_FIXED ADM0_PCODE "Delete Fields"</Process><Process ToolSource="c:\program files\arcgis\pro\Resources\ArcToolbox\toolboxes\Data Management Tools.tbx\DeleteField" Date="20220801" Time="081707">DeleteField lka_admbnda_adm4_2022_FIXED Shape_Leng "Delete Fields"</Process><Process ToolSource="c:\program files\arcgis\pro\Resources\ArcToolbox\toolboxes\Data Management Tools.tbx\DeleteField" Date="20220801" Time="081711">DeleteField lka_admbnda_adm4_2022_FIXED Shape_Area "Delete Fields"</Process><Process ToolSource="c:\program files\arcgis\pro\Resources\ArcToolbox\toolboxes\Data Management Tools.tbx\UpdateSchema" Date="20220801" Time="081729">UpdateSchema "CIMDATA=&lt;CIMStandardDataConnection xsi:type='typens:CIMStandardDataConnection' xmlns:xsi='http://www.w3.org/2001/XMLSchema-instance' xmlns:xs='http://www.w3.org/2001/XMLSchema' xmlns:typens='http://www.esri.com/schemas/ArcGIS/2.9.0'&gt;&lt;WorkspaceConnectionString&gt;DATABASE=D:\OCHA\CODS\Countries\LKA\LKA 2022_07_29 ITOS\LKA_2022_TOPO_FIXED\LKA_2022_TOPO_FIXED&lt;/WorkspaceConnectionString&gt;&lt;WorkspaceFactory&gt;Shapefile&lt;/WorkspaceFactory&gt;&lt;Dataset&gt;lka_admbnda_adm4_2022_FIXED.shp&lt;/Dataset&gt;&lt;DatasetType&gt;esriDTFeatureClass&lt;/DatasetType&gt;&lt;/CIMStandardDataConnection&gt;" &lt;operationSequence&gt;&lt;workflow&gt;&lt;AddField&gt;&lt;field_name&gt;ADM4_XX&lt;/field_name&gt;&lt;field_type&gt;TEXT&lt;/field_type&gt;&lt;field_length&gt;255&lt;/field_length&gt;&lt;field_is_nullable&gt;False&lt;/field_is_nullable&gt;&lt;field_is_required&gt;False&lt;/field_is_required&gt;&lt;/AddField&gt;&lt;/workflow&gt;&lt;/operationSequence&gt;</Process><Process ToolSource="c:\program files\arcgis\pro\Resources\ArcToolbox\toolboxes\Data Management Tools.tbx\CalculateField" Date="20220801" Time="081758">CalculateField lka_admbnda_adm4_2022_FIXED ADM4_XX !ADM4_EN! "Python 3" # Text NO_ENFORCE_DOMAINS</Process><Process ToolSource="c:\program files\arcgis\pro\Resources\ArcToolbox\toolboxes\Data Management Tools.tbx\DeleteField" Date="20220801" Time="081805">DeleteField lka_admbnda_adm4_2022_FIXED ADM4_EN "Delete Fields"</Process><Process ToolSource="c:\program files\arcgis\pro\Resources\ArcToolbox\toolboxes\Conversion Tools.tbx\FeatureClassToFeatureClass" Date="20220802" Time="091914">FeatureClassToFeatureClass lka_admbnda_adm4_2022_FIXED "D:\OCHA\CODS\Countries\LKA\LKA 2022_08_02 FIS" lka_admbnda_adm4_20220802_v01.shp # "ADM4_XX "ADM4_XX" true true false 254 Text 0 0,First,#,lka_admbnda_adm4_2022_FIXED,lka_admbnda_adm4_2022_FIXED.ADM4_XX,0,254;FID "FID" true true false 4 Long 0 0,First,#,lka_admbnda_adm4_2022_FIXED,LKA_ADM4_V04.csv.FID,-1,-1;ADM4_EN "ADM4_EN" true true false 8000 Text 0 0,First,#,lka_admbnda_adm4_2022_FIXED,LKA_ADM4_V04.csv.ADM4_EN,0,8000;ADM4_SI "ADM4_SI" true true false 8000 Text 0 0,First,#,lka_admbnda_adm4_2022_FIXED,LKA_ADM4_V04.csv.ADM4_SI,0,8000;ADM4_TA "ADM4_TA" true true false 8000 Text 0 0,First,#,lka_admbnda_adm4_2022_FIXED,LKA_ADM4_V04.csv.ADM4_TA,0,8000;ADM4_PCODE "ADM4_PCODE" true true false 8000 Text 0 0,First,#,lka_admbnda_adm4_2022_FIXED,LKA_ADM4_V04.csv.ADM4_PCODE,0,8000;ADM4_REF "ADM4_REF" true true false 8000 Text 0 0,First,#,lka_admbnda_adm4_2022_FIXED,LKA_ADM4_V04.csv.ADM4_REF,0,8000;REMARK "REMARK" true true false 8000 Text 0 0,First,#,lka_admbnda_adm4_2022_FIXED,LKA_ADM4_V04.csv.REMARK,0,8000;ADM3_EN "ADM3_EN" true true false 8000 Text 0 0,First,#,lka_admbnda_adm4_2022_FIXED,LKA_ADM4_V04.csv.ADM3_EN,0,8000;ADM3_SI "ADM3_SI" true true false 8000 Text 0 0,First,#,lka_admbnda_adm4_2022_FIXED,LKA_ADM4_V04.csv.ADM3_SI,0,8000;ADM3_TA "ADM3_TA" true true false 8000 Text 0 0,First,#,lka_admbnda_adm4_2022_FIXED,LKA_ADM4_V04.csv.ADM3_TA,0,8000;ADM3_PCODE "ADM3_PCODE" true true false 8000 Text 0 0,First,#,lka_admbnda_adm4_2022_FIXED,LKA_ADM4_V04.csv.ADM3_PCODE,0,8000;ADM2_EN "ADM2_EN" true true false 8000 Text 0 0,First,#,lka_admbnda_adm4_2022_FIXED,LKA_ADM4_V04.csv.ADM2_EN,0,8000;ADM2_SI "ADM2_SI" true true false 8000 Text 0 0,First,#,lka_admbnda_adm4_2022_FIXED,LKA_ADM4_V04.csv.ADM2_SI,0,8000;ADM2_TA "ADM2_TA" true true false 8000 Text 0 0,First,#,lka_admbnda_adm4_2022_FIXED,LKA_ADM4_V04.csv.ADM2_TA,0,8000;ADM2_PCODE "ADM2_PCODE" true true false 8000 Text 0 0,First,#,lka_admbnda_adm4_2022_FIXED,LKA_ADM4_V04.csv.ADM2_PCODE,0,8000;ADM1_EN "ADM1_EN" true true false 8000 Text 0 0,First,#,lka_admbnda_adm4_2022_FIXED,LKA_ADM4_V04.csv.ADM1_EN,0,8000;ADM1_SI "ADM1_SI" true true false 8000 Text 0 0,First,#,lka_admbnda_adm4_2022_FIXED,LKA_ADM4_V04.csv.ADM1_SI,0,8000;ADM1_TA "ADM1_TA" true true false 8000 Text 0 0,First,#,lka_admbnda_adm4_2022_FIXED,LKA_ADM4_V04.csv.ADM1_TA,0,8000;ADM1_PCODE "ADM1_PCODE" true true false 8000 Text 0 0,First,#,lka_admbnda_adm4_2022_FIXED,LKA_ADM4_V04.csv.ADM1_PCODE,0,8000;ADM0_EN "ADM0_EN" true true false 8000 Text 0 0,First,#,lka_admbnda_adm4_2022_FIXED,LKA_ADM4_V04.csv.ADM0_EN,0,8000;ADM0_SI "ADM0_SI" true true false 8000 Text 0 0,First,#,lka_admbnda_adm4_2022_FIXED,LKA_ADM4_V04.csv.ADM0_SI,0,8000;ADM0_TA "ADM0_TA" true true false 8000 Text 0 0,First,#,lka_admbnda_adm4_2022_FIXED,LKA_ADM4_V04.csv.ADM0_TA,0,8000;ADM0_PCODE "ADM0_PCODE" true true false 8000 Text 0 0,First,#,lka_admbnda_adm4_2022_FIXED,LKA_ADM4_V04.csv.ADM0_PCODE,0,8000;Field24 "Field24" true true false 8000 Text 0 0,First,#,lka_admbnda_adm4_2022_FIXED,LKA_ADM4_V04.csv.Field24,0,8000;Field25 "Field25" true true false 8000 Text 0 0,First,#,lka_admbnda_adm4_2022_FIXED,LKA_ADM4_V04.csv.Field25,0,8000;Field26 "Field26" true true false 8000 Text 0 0,First,#,lka_admbnda_adm4_2022_FIXED,LKA_ADM4_V04.csv.Field26,0,8000" #</Process><Process ToolSource="c:\program files\arcgis\pro\Resources\ArcToolbox\toolboxes\Data Management Tools.tbx\Dissolve" Date="20220802" Time="093035">Dissolve lka_admbnda_adm4_20220802_v01 "D:\OCHA\CODS\Countries\LKA\LKA 2022_08_02 FIS\lka_admbnda_adm1_20220802_v03.shp" ADM0_EN;ADM0_PCODE;ADM0_SI;ADM0_TA;ADM1_EN;ADM1_PCODE;ADM1_SI;ADM1_TA # MULTI_PART DISSOLVE_LINES</Process></lineage></DataProperties><SyncDate>20220802</SyncDate><SyncTime>09302400</SyncTime><ModDate>20220802</ModDate><ModTime>09302400</ModTime></Esri><dataIdInfo><envirDesc Sync="TRUE">Microsoft Windows 10 Version 10.0 (Build 22000) ; Esri ArcGIS 12.9.3.32739</envirDesc><dataLang><languageCode value="eng" Sync="TRUE"></languageCode><countryCode value="GBR" Sync="TRUE"></countryCode></dataLang><idCitation><resTitle Sync="TRUE">lka_admbnda_adm1_20220802_v03</resTitle><presForm><PresFormCd value="005" Sync="TRUE"></PresFormCd></presForm></idCitation><spatRpType><SpatRepTypCd value="001" Sync="TRUE"></SpatRepTypCd></spatRpType><dataExt><geoEle><GeoBndBox esriExtentType="search"><exTypeCode Sync="TRUE">1</exTypeCode><westBL Sync="TRUE">79.517521</westBL><eastBL Sync="TRUE">81.885219</eastBL><northBL Sync="TRUE">9.836188</northBL><southBL Sync="TRUE">5.916936</southBL></GeoBndBox></geoEle></dataExt></dataIdInfo><mdLang><languageCode value="eng" Sync="TRUE"></languageCode><countryCode value="GBR" Sync="TRUE"></countryCode></mdLang><distInfo><distFormat><formatName Sync="TRUE">Shapefile</formatName></distFormat><distTranOps><transSize Sync="TRUE">0.000</transSize></distTranOps></distInfo><mdHrLv><ScopeCd value="005" Sync="TRUE"></ScopeCd></mdHrLv><mdHrLvName Sync="TRUE">dataset</mdHrLvName><refSysInfo><RefSystem><refSysID><identCode code="4326" Sync="TRUE"></identCode><idCodeSpace Sync="TRUE">EPSG</idCodeSpace><idVersion Sync="TRUE">6.2(3.0.1)</idVersion></refSysID></RefSystem></refSysInfo><spatRepInfo><VectSpatRep><geometObjs Name="lka_admbnda_adm1_20220802_v03"><geoObjTyp><GeoObjTypCd value="002" Sync="TRUE"></GeoObjTypCd></geoObjTyp><geoObjCnt Sync="TRUE">0</geoObjCnt></geometObjs><topLvl><TopoLevCd value="001" Sync="TRUE"></TopoLevCd></topLvl></VectSpatRep></spatRepInfo><spdoinfo><ptvctinf><esriterm Name="lka_admbnda_adm1_20220802_v03"><efeatyp Sync="TRUE">Simple</efeatyp><efeageom code="4" Sync="TRUE"></efeageom><esritopo Sync="TRUE">FALSE</esritopo><efeacnt Sync="TRUE">0</efeacnt><spindex Sync="TRUE">FALSE</spindex><linrefer Sync="TRUE">FALSE</linrefer></esriterm></ptvctinf></spdoinfo><eainfo><detailed Name="lka_admbnda_adm1_20220802_v03"><enttyp><enttypl Sync="TRUE">lka_admbnda_adm1_20220802_v03</enttypl><enttypt Sync="TRUE">Feature Class</enttypt><enttypc Sync="TRUE">0</enttypc></enttyp><attr><attrlabl Sync="TRUE">FID</attrlabl><attalias Sync="TRUE">FID</attalias><attrtype Sync="TRUE">OID</attrtype><attwidth Sync="TRUE">4</attwidth><atprecis Sync="TRUE">0</atprecis><attscale Sync="TRUE">0</attscale><attrdef Sync="TRUE">Internal feature number.</attrdef><attrdefs Sync="TRUE">Esri</attrdefs><attrdomv><udom Sync="TRUE">Sequential unique whole numbers that are automatically generated.</udom></attrdomv></attr><attr><attrlabl Sync="TRUE">Shape</attrlabl><attalias Sync="TRUE">Shape</attalias><attrtype Sync="TRUE">Geometry</attrtype><attwidth Sync="TRUE">0</attwidth><atprecis Sync="TRUE">0</atprecis><attscale Sync="TRUE">0</attscale><attrdef Sync="TRUE">Feature geometry.</attrdef><attrdefs Sync="TRUE">Esri</attrdefs><attrdomv><udom Sync="TRUE">Coordinates defining the features.</udom></attrdomv></attr><attr><attrlabl Sync="TRUE">ADM1_EN</attrlabl><attalias Sync="TRUE">ADM1_EN</attalias><attrtype Sync="TRUE">String</attrtype><attwidth Sync="TRUE">254</attwidth><atprecis Sync="TRUE">0</atprecis><attscale Sync="TRUE">0</attscale></attr><attr><attrlabl Sync="TRUE">ADM1_SI</attrlabl><attalias Sync="TRUE">ADM1_SI</attalias><attrtype Sync="TRUE">String</attrtype><attwidth Sync="TRUE">254</attwidth><atprecis Sync="TRUE">0</atprecis><attscale Sync="TRUE">0</attscale></attr><attr><attrlabl Sync="TRUE">ADM1_TA</attrlabl><attalias Sync="TRUE">ADM1_TA</attalias><attrtype Sync="TRUE">String</attrtype><attwidth Sync="TRUE">254</attwidth><atprecis Sync="TRUE">0</atprecis><attscale Sync="TRUE">0</attscale></attr><attr><attrlabl Sync="TRUE">ADM1_PCODE</attrlabl><attalias Sync="TRUE">ADM1_PCODE</attalias><attrtype Sync="TRUE">String</attrtype><attwidth Sync="TRUE">254</attwidth><atprecis Sync="TRUE">0</atprecis><attscale Sync="TRUE">0</attscale></attr><attr><attrlabl Sync="TRUE">ADM0_EN</attrlabl><attalias Sync="TRUE">ADM0_EN</attalias><attrtype Sync="TRUE">String</attrtype><attwidth Sync="TRUE">254</attwidth><atprecis Sync="TRUE">0</atprecis><attscale Sync="TRUE">0</attscale></attr><attr><attrlabl Sync="TRUE">ADM0_SI</attrlabl><attalias Sync="TRUE">ADM0_SI</attalias><attrtype Sync="TRUE">String</attrtype><attwidth Sync="TRUE">254</attwidth><atprecis Sync="TRUE">0</atprecis><attscale Sync="TRUE">0</attscale></attr><attr><attrlabl Sync="TRUE">ADM0_TA</attrlabl><attalias Sync="TRUE">ADM0_TA</attalias><attrtype Sync="TRUE">String</attrtype><attwidth Sync="TRUE">254</attwidth><atprecis Sync="TRUE">0</atprecis><attscale Sync="TRUE">0</attscale></attr><attr><attrlabl Sync="TRUE">ADM0_PCODE</attrlabl><attalias Sync="TRUE">ADM0_PCODE</attalias><attrtype Sync="TRUE">String</attrtype><attwidth Sync="TRUE">254</attwidth><atprecis Sync="TRUE">0</atprecis><attscale Sync="TRUE">0</attscale></attr></detailed></eainfo><mdDateSt Sync="TRUE">20220802</mdDateSt></metadata>
